original_id,station_name,longitude,latitude,elevation,stream_name,station_description,scrape,station_status_id,operation_id,drainage_area,regulated,user_flag,year,project_id,network_id,type_id,variable_id
3A28P,"Tetrahedron",-123.60499,49.59785,1420,None,"Snow.3A28P.Automated Snow Weather Station",True,3,1,None,False,False,2025,6,19,3,"16,5,28,7"
2A35P,"Fred Laing Lower",-118.58594,52.05381,557,None,"Snow.2A35P.Automated Snow Weather Station",True,3,1,None,False,False,2025,6,19,3,"16,5,28,7"
4A12P,"Tsaydaychi Lake",-124.763,55.41635,0,None,"Snow.4A12P.Automated Snow Weather Station",True,3,1,None,False,False,2025,6,19,3,"16,5,28,7"
1E03AP,"Trophy Mountain",-119.940639, 51.808369,1880,None,"Snow.1E03AP.Automated Snow Weather Station",True,3,1,None,False,False,2025,6,19,3,"16,5,28,7"
2G06P,"Hamilton Hill",-120.79439,49.49914,1480,None,"Snow.2G06P.Automated Snow Weather Station",True,3,1,None,False,False,2025,6,19,3,"16,5,28,7"
1C43P,"Bridge Glacier Proglacial Lake",-123.486422,50.831492,1505,None,"Snow.1C43P.Automated Snow Weather Station",True,3,1,None,False,False,2025,6,19,3,"16,5,28,7"
2D10P,"Gray Creek Upper",-116.6589,49.61656,1930,None,"Snow.2D10P.Automated Snow Weather Station",True,3,1,None,False,False,2025,6,19,3,"16,5,28,7"
4A38P,"Horn Creek",-123.606,56.734766,1450,None,"Snow.4A38P.Automated Snow Weather Station",True,3,1,None,False,False,2025,6,19,3,"16,5,28,7"
4C20P,"Sierra Climate",-121.396516,58.838191,572,None,"Snow.4C20P.Automated Snow Weather Station",True,3,1,None,False,False,2025,6,19,3,"16,5,28,7"
4A40P,"Crocker Creek",-122.18292,54.93481,995,None,"Snow.4A40P.Automated Snow Weather Station",True,3,1,None,False,False,2025,6,19,3,"16,5,28,7"
4A37P,"McQue Terrace",-123.40417,56.9815,1200,None,"Snow.4A37P.Automated Snow Weather Station",True,3,1,None,False,False,2025,6,19,3,"16,5,28,7"
4A35P,"Germansen Landing",-124.70144,55.78553,766,None,"Snow.4A35P.Automated Snow Weather Station",True,3,1,None,False,False,2025,6,19,3,"16,5,28,7"
2C21P,"Fernie",-115.07261,49.48825,988,None,"Snow.2C21P.Automated Snow Weather Station",True,3,1,None,False,False,2025,6,19,3,"16,5,28,7"
1A15P,"Knudsen Lake",-120.78281,54.30266,1580,None,"Snow.1A15P.Automated Snow Weather Station",True,3,1,None,False,False,2025,6,19,3,"16,5,28,7"
4A13P,"Philip Lake",-123.89793,55.1238,1028,None,"Snow.4A13P.Automated Snow Weather Station",True,3,1,None,False,False,2025,6,19,3,"16,5,28,7"
3A09P,"Palisade Lake",-123.03194,49.45444,900,None,"Snow.3A09P.Automated Snow Weather Station",True,3,1,None,False,False,2025,6,19,3,"16,5,28,7"
2D07AP,"Duncan Lake Dam 2",-116.97134,50.23872,559,None,"Snow.2D07AP.Automated Snow Weather Station",True,3,1,None,False,False,2025,6,19,3,"16,5,28,7"
2A31P,"Caribou Creek",-117.22842,51.10903,2201,None,"Snow.2A31P.Automated Snow Weather Station",True,3,1,None,False,False,2025,6,19,3,"16,5,28,7"
4A18P,"Mount Sheba",-121.80417,54.52667,1490,None,"Snow.4A18P.Automated Snow Weather Station",True,3,1,None,False,False,2025,6,19,3,"16,5,28,7"
4C21P,"Two Island Climate",-122.08592,59.34465,708,None,"Snow.4C21P.Automated Snow Weather Station",True,3,1,None,False,False,2025,6,19,3,"16,5,28,7"
4B02P,"Johanson Lake",-126.19401,56.60542,1467,None,"Snow.4B02P.Automated Snow Weather Station",True,3,1,None,False,False,2025,6,19,3,"16,5,28,7"
1D08P,"Lamont Creek Upper",-122.31428,49.58191,1208,None,"Snow.1D08P.Automated Snow Weather Station",True,3,1,None,False,False,2025,6,19,3,"16,5,28,7"
1C17P,"Mount Timothy",-121.25604,51.90453,1630,None,"Snow.1C17P.Automated Snow Weather Station",True,3,1,None,False,False,2025,6,19,3,"16,5,28,7"
2A33P,"Conrad Glacier",-116.93975,50.81203,2599,None,"Snow.2A33P.Automated Snow Weather Station",True,3,1,None,False,False,2025,6,19,3,"16,5,28,7"
4C01P,"Sikanni Lake",-124.13198,57.26376,1387,None,"Snow.4C01P.Automated Snow Weather Station",True,3,1,None,False,False,2025,6,19,3,"16,5,28,7"
2D16P,"New Denver East",-117.35837,49.99666,653,None,"Snow.2D16P.Automated Snow Weather Station",True,3,1,None,False,False,2025,6,19,3,"16,5,28,7"
4A33P,"Muskwa-Kechika",-123.10639,56.78139,1196,None,"Snow.4A33P.Automated Snow Weather Station",True,3,1,None,False,False,2025,6,19,3,"16,5,28,7"
2A18P,"Keystone Creek",-118.36066,51.41129,1840,None,"Snow.2A18P.Automated Snow Weather Station",True,3,1,None,False,False,2025,6,19,3,"16,5,28,7"
4A34P,"Dowling Creek",-122.43625,55.825008,1456,None,"Snow.4A34P.Automated Snow Weather Station",True,3,1,None,False,False,2025,6,19,3,"16,5,28,7"
1C45P,"July Mountain",-121.08547,49.70764,1860,None,"Snow.1C45P.Automated Snow Weather Station",True,3,1,None,False,False,2025,6,19,3,"16,5,28,7"
1F04P,"Enderby",-118.9269,50.65303,1950,None,"Snow.1F04P.Automated Snow Weather Station",True,3,1,None,False,False,2025,6,19,3,"16,5,28,7"
2B10P,"Fauquier Water Treatment Plant",-118.07423,49.86418,519,None,"Snow.2B10P.Automated Snow Weather Station",True,3,1,None,False,False,2025,6,19,3,"16,5,28,7"
1C23P,"Penfold Creek",-120.56057,52.74882,1740,None,"Snow.1C23P.Automated Snow Weather Station",True,3,1,None,False,False,2025,6,19,3,"16,5,28,7"
2F09P,"Whiterocks Mountain",-119.7461,50.01669,1800,None,"Snow.2F09P.Automated Snow Weather Station",True,3,1,None,False,False,2025,6,19,3,"16,5,28,7"
1C05P,"McGillivray Pass",-122.62538,50.69856,1718,None,"Snow.1C05P.Automated Snow Weather Station",True,3,1,None,False,False,2025,6,19,3,"16,5,28,7"
2A34P,"Glacier NP Rogers Pass Lower",-117.50943,51.27012,1182,None,"Snow.2A34P.Automated Snow Weather Station",True,3,1,None,False,False,2025,6,19,3,"16,5,28,7"
3B27P,"Cobble Hill",-123.59287,48.69899,100,None,"Snow.3B27P.Automated Snow Weather Station",True,3,1,None,False,False,2025,6,19,3,"16,5,28,7"
2F03AP,"McCulloch",-119.12403,49.76731,1245,None,"Snow.2F03AP.Automated Snow Weather Station",True,3,1,None,False,False,2025,6,19,3,"16,5,28,7"
4A39P,"Chowade Upper",-122.77887,56.63683,1480,None,"Snow.4A39P.Automated Snow Weather Station",True,3,1,None,False,False,2025,6,19,3,"16,5,28,7"
1C44P,"Paradise Lake",-120.28228,49.94864,1640,None,"Snow.1C44P.Automated Snow Weather Station",True,3,1,None,False,False,2025,6,19,3,"16,5,28,7"
4D17P,"Forrest Kerr High Elevation Snow",-130.74639,56.75889,1622,None,"Snow.4D17P.Automated Snow Weather Station",True,3,1,None,False,False,2025,6,19,3,"16,5,28,7"
2F10P,"Silver Star Mountain",-119.06211,50.37136,1840,None,"Snow.2F10P.Automated Snow Weather Station",True,3,1,None,False,False,2025,6,19,3,"16,5,28,7"
1C22AP,"Puntzi Mountain",-124.15273,52.109,920,None,"Snow.1C22AP.Automated Snow Weather Station",True,3,1,None,False,False,2025,6,19,3,"16,5,28,7"
1C14P,"Bralorne",-122.7888194,50.7751889,1382,None,"Snow.1C14P.Automated Snow Weather Station",True,3,1,None,False,False,2025,6,19,3,"16,5,28,7"
2F01AP,"Trout Creek West",-120.1891,49.74017,1420,None,"Snow.2F01AP.Automated Snow Weather Station",True,3,1,None,False,False,2025,6,19,3,"16,5,28,7"
1C29P,"Shovelnose Mountain",-120.862891,49.855951,1460,None,"Snow.1C29P.Automated Snow Weather Station",True,3,1,None,False,False,2025,6,19,3,"16,5,28,7"
3A29P,"Loch Lomand",-123.0444,49.592,1070,None,"Snow.3A29P.Automated Snow Weather Station",True,3,1,None,False,False,2025,6,19,3,"16,5,28,7"
2A32P,"Wildcat Creek",-116.62941,51.6963,2122,None,"Snow.2A32P.Automated Snow Weather Station",True,3,1,None,False,False,2025,6,19,3,"16,5,28,7"
2D15P,"Kaslo Airport",-116.92828,49.90375,717,None,"Snow.2D15P.Automated Snow Weather Station",True,3,1,None,False,False,2025,6,19,3,"16,5,28,7"
1D16P,"Dickson Lake",-122.06965,49.3167,1155,None,"Snow.1D16P.Automated Snow Weather Station",True,3,1,None,False,False,2025,6,19,3,"16,5,28,7"
4D16P,"Forrest Kerr Mid Elevation Snow",-130.69111,56.75333,1192,None,"Snow.4D16P.Automated Snow Weather Station",True,3,1,None,False,False,2025,6,19,3,"16,5,28,7"
1C38P,"Downton Lake Upper",-123.18363,50.85979,1829,None,"Snow.1C38P.Automated Snow Weather Station",True,3,1,None,False,False,2025,6,19,3,"16,5,28,7"
1A05P,"Longworth Upper",-121.4431,53.95083,1740,None,"Snow.1A05P.Automated Snow Weather Station",True,3,1,None,False,False,2025,6,19,3,"16,5,28,7"
4A36P,"Parsnip Upper",-122.13758,54.60556,790,None,"Snow.4A36P.Automated Snow Weather Station",True,3,1,None,False,False,2025,6,19,3,"16,5,28,7"
1C32P,"Deadman River",-120.60969,51.09851,1460,None,"Snow.1C32P.Automated Snow Weather Station",True,3,1,None,False,False,2025,6,19,3,"16,5,28,7"
4A04P,"Ware Lower",-125.67734,57.40756,971,None,"Snow.4A04P.Automated Snow Weather Station",True,3,1,None,False,False,2025,6,19,3,"16,5,28,7"
2D05P,"Gray Creek Lower",-116.6788,49.61142,1650,None,"Snow.2D05P.Automated Snow Weather Station",True,3,1,None,False,False,2025,6,19,3,"16,5,28,7"
3A19P,"Orchid Lake",-123.05083,49.53583,1180,None,"Snow.3A19P.Automated Snow Weather Station",True,3,1,None,False,False,2025,6,19,3,"16,5,28,7"
4A10P,"Fredrickson Lake",-126.53072,56.94846,1326,None,"Snow.4A10P.Automated Snow Weather Station",True,3,1,None,False,False,2025,6,19,3,"16,5,28,7"
4A20P,"Monkman Creek",-121.2317,54.72528,1570,None,"Snow.4A20P.Automated Snow Weather Station",True,3,1,None,False,False,2025,6,19,3,"16,5,28,7"
2B02AP,"Farron",-118.13016,49.27017,1230,None,"Snow.2B02AP.Automated Snow Weather Station",True,3,1,None,False,False,2025,6,19,3,"16,5,28,7"
3B26P,"Mount Arrowsmith",-124.56778,49.20738,1465,None,"Snow.3B26P.Automated Snow Weather Station",True,3,1,None,False,False,2025,6,19,3,"16,5,28,7"
2F19P,"Oyama Lake",-119.279,50.11633,1360,None,"Snow.2F19P.Automated Snow Weather Station",True,3,1,None,False,False,2025,6,19,3,"16,5,28,7"
4A03P,"Ware Upper",-125.70049,57.39618,1565,None,"Snow.4A03P.Automated Snow Weather Station",True,3,1,None,False,False,2025,6,19,3,"16,5,28,7"
4A31P,"Crying Girl Prairie",-122.89283,56.38586,1358,None,"Snow.4A31P.Automated Snow Weather Station",True,3,1,None,False,False,2025,6,19,3,"16,5,28,7"
3A20P,"Callaghan Creek",-123.10289,50.13706,1017,None,"Snow.3A20P.Automated Snow Weather Station",True,3,1,None,False,False,2025,6,19,3,"16,5,28,7"
2F08P,"Greyback Reservoir",-119.42268,49.61634,1550,None,"Snow.2F08P.Automated Snow Weather Station",True,3,1,None,False,False,2025,6,19,3,"16,5,28,7"
1A12P,"Kaza Lake",-126.2976,56.02119,1257,None,"Snow.1A12P.Automated Snow Weather Station",True,3,1,None,False,False,2025,6,19,3,"16,5,28,7"
4E01P,"Log Cabin",-134.96561,59.76404,890,None,"Snow.4E01P.Automated Snow Weather Station",True,3,1,None,False,False,2025,6,19,3,"16,5,28,7"
1C40P,"North Tyaughton",-122.79375,51.14753,1969,None,"Snow.1C40P.Automated Snow Weather Station",True,3,1,None,False,False,2025,6,19,3,"16,5,28,7"
1026273,"Port Hardy Airport",-127.380436,50.684839,20.209,None,None,True,3,1,None,False,False,2025,6,21,3,"4,6,8,9,11,27,29"
1064324,"Kitimat Forest Avenue",-128.604077,54.056434,106.354,None,None,True,3,1,None,False,False,2025,6,21,3,"4,6,8,9,11,27,29"
1016943,"Saanichton CFIA",-123.410233,48.621733,25.5,None,None,True,3,1,None,False,False,2025,6,21,3,"4,6,8,9,11,27,29"
3191,"Goatlick",-118.77,52.51,957,None,None,True,3,1,None,False,False,2025,6,16,3,"7,27"
1263,"Fidelity",-117.68105,51.23438333,1308,None,None,True,3,1,None,False,False,2025,6,16,3,"7,27"
1093,"Quinsam Base FWX (Trail)",-125.29401,50.02723,100,None,None,True,3,1,None,False,False,2025,6,16,3,"7,27"
1398,"TS Nahmint",-125.1218,49.2074,341,None,None,True,3,1,None,False,False,2025,6,16,3,"7,27"
4993,"QD 13 Fontas",-122.00,58.20,466,None,None,True,3,1,None,False,False,2025,6,16,3,"7,27"
1348,"Klinaklini",-125.76953,51.38002,1532,None,None,True,3,1,None,False,False,2025,6,16,3,"7,27"
1408,"TS Blackwater",-125.58,50.17,289,None,None,True,3,1,None,False,False,2025,6,16,3,"7,27"
4352,"Blueberry",-119.60,53.32,1088,None,None,True,3,1,None,False,False,2025,6,16,3,"7,27"
1270,"Old Faddy",-129.09333,59.8928,866,None,None,True,3,1,None,False,False,2025,6,16,3,"7,27"
1203,"Darkwoods",-116.95025,49.3576111,1657,None,None,True,3,1,None,False,False,2025,6,16,3,"7,27"
1345,"Sawtooth",-125.3666667,55.3072222,600,None,None,True,3,1,None,False,False,2025,6,16,3,"7,27"
1092,"Rory Creek",-116.79332,50.61262,1580,None,None,True,3,1,None,False,False,2025,6,16,3,"7,27"
1242,"McLeod Meadows",-115.9508167,50.76911667,1132,None,None,True,3,1,None,False,False,2025,6,16,3,"7,27"
2450,"Bigattini",-115.99,49.45,1540,None,None,True,3,1,None,False,False,2025,6,16,3,"7,27"
3471,"QD 8 Siwash",-123.55,51.92,1150,None,None,True,3,1,None,False,False,2025,6,16,3,"7,27"
4270,"Chetwynd FB",-121.61,55.69,616,None,None,True,3,1,None,False,False,2025,6,16,3,"7,27"
1375,"Frank Creek",-122.2811111,49.8744444,305,None,None,True,3,1,None,False,False,2025,6,16,3,"7,27"
1260,"Redstreak",-116.0627833,50.62288333,1009,None,None,True,3,1,None,False,False,2025,6,16,3,"7,27"
1261,"One Mile",-118.2072333,51.02203333,527,None,None,True,3,1,None,False,False,2025,6,16,3,"7,27"
1377,"Forestkerr",-130.6783611,56.7116389,276,None,None,True,3,1,None,False,False,2025,6,16,3,"7,27"
1359,"Station Bay 2",-119.726944,50.497222,1100,None,None,True,3,1,None,False,False,2025,6,16,3,"7,27"
1240,"Boulder Creek",-116.5264333,51.36643333,1275,None,None,True,3,1,None,False,False,2025,6,16,3,"7,27"
1108,"Blue River 2",-119.2935833,52.12225,695,None,None,True,3,1,None,False,False,2025,6,16,3,"7,27"
1144,"Ford Mountain",-121.6375278,49.1040278,247,None,None,True,3,1,None,False,False,2025,6,16,3,"7,27"
3851,"Terrace",-128.57,54.44,199,None,None,True,3,1,None,False,False,2025,6,16,3,"7,27"
1199,"Clayton Falls",-126.890543,52.279579,1260,None,None,True,3,1,None,False,False,2025,6,16,3,"7,27"
1378,"TS Atluck",-127.0796111,50.2678056,462,None,None,True,3,1,None,False,False,2025,6,16,3,"7,27"
1262,"Caribou Corner",-118.1513833,51.02535,1561,None,None,True,3,1,None,False,False,2025,6,16,3,"7,27"
1075,"Koocanusa",-115.22528,49.04694,804,None,None,True,3,1,None,False,False,2025,6,16,3,"7,27"
1790,"Cariboo Creek",-117.18,51.18,1529,None,None,True,3,1,None,False,False,2025,6,16,3,"7,27"
1283,"Cheakamus",-123.0412722,50.0825056,595,None,None,True,3,1,None,False,False,2025,6,16,3,"7,27"
1349,"Homathko",-124.950181,51.10187,1481,None,None,True,3,1,None,False,False,2025,6,16,3,"7,27"
4513,"Mesachie 3",-124.13,48.82,197,None,None,True,3,1,None,False,False,2025,6,16,3,"7,27"
1350,"Lower Cain",-126.3563,50.22575,1295,None,None,True,3,1,None,False,False,2025,6,16,3,"7,27"
1323,"Larch Hills West",-119.1761111,50.6905556,892,None,None,True,3,1,None,False,False,2025,6,16,3,"7,27"
555,"Seymour GVRD",-122.95,49.48,390,None,None,True,3,1,None,False,False,2025,6,16,3,"7,27"
1268,"Valemont Airport",-119.3386111,52.8597222,788,None,None,True,3,1,None,False,False,2025,6,16,3,"7,27"
4452,"QD7 Tobacco Plains",-115.08,49.02,815,None,None,True,3,1,None,False,False,2025,6,16,3,"7,27"
4873,"QD 14 Testa",-124.18,58.66,778,None,None,True,3,1,None,False,False,2025,6,16,3,"7,27"
3110,"Sparwood",-114.88,49.83,1208,None,None,True,3,1,None,False,False,2025,6,16,3,"7,27"
4393,"TS Tsitika",-126.54,50.38,211,None,None,True,3,1,None,False,False,2025,6,16,3,"7,27"
1264,"Lower Beaver",-117.4740833,51.41488333,835,None,None,True,3,1,None,False,False,2025,6,16,3,"7,27"
4412,"QD3 Six Mile Slough",-116.63,49.20,534,None,None,True,3,1,None,False,False,2025,6,16,3,"7,27"
1392,"McNulty EXT",-120.173222,49.555694,1595,None,None,True,3,1,None,False,False,2025,6,16,3,"7,27"
5073,"QD 18 Coles Road",-122.66,59.80,491,None,None,True,3,1,None,False,False,2025,6,16,3,"7,27"
4753,"QD 4 Windflower",-122.83,59.48,493,None,None,True,3,1,None,False,False,2025,6,16,3,"7,27"
3810,"Little Chopaka",-119.69,49.03,461,None,None,True,3,1,None,False,False,2025,6,16,3,"7,27"
1176,"Mudpit",-119.3925,51.31308,884,None,None,True,3,1,None,False,False,2025,6,16,3,"7,27"
556,"Coquitlam GVRD",-122.77,49.39,430,None,None,True,3,1,None,False,False,2025,6,16,3,"7,27"
1399,"Merritt 2 Hub",-120.744167,50.121389,640,None,None,True,3,1,None,False,False,2025,6,16,3,"7,27"
1241,"Vermillion Crossing",-115.9789167,51.0233666,1277,None,None,True,3,1,None,False,False,2025,6,16,3,"7,27"
4973,"Baker Creek",-122.83,52.96,826,None,None,True,3,1,None,False,False,2025,6,16,3,"7,27"
1277,"West Kelowna",-119.5695,49.8832,None,None,None,True,3,1,None,False,False,2025,6,16,3,"7,27"
5093,"QD 11 Dam",-118.46,52.21,857,None,None,True,3,1,None,False,False,2025,6,16,3,"7,27"
1330,"Lodestone EXT",-120.7925,49.4696944,1543,None,None,True,3,1,None,False,False,2025,6,16,3,"7,27"
1082,"Mayson",-120.41197,51.21111,1315,None,None,True,3,1,None,False,False,2025,6,16,3,"7,27"
1265,"Upper Beaver",-117.3740833,51.31453333,1638,None,None,True,3,1,None,False,False,2025,6,16,3,"7,27"
1218,"Powell River West Lake",-124.44944,49.81806,100,None,None,True,3,1,None,False,False,2025,6,16,3,"7,27"
1362,"TS Burman",-126.032697,49.610222,77,None,None,True,3,1,None,False,False,2025,6,16,3,"7,27"
1275,"Ape Lake",-126.2626806,52.1345694,1414,None,None,True,3,1,None,False,False,2025,6,16,3,"7,27"
1332,"Grizzly EXT",-119.2202778,49.27,1520,None,None,True,3,1,None,False,False,2025,6,16,3,"7,27"
1165,"Severeid",-121.65168,54.16957,798,None,None,True,3,1,None,False,False,2025,6,16,3,"7,27"
1221,"Mount Cayley",-123.2771,50.0708,1592,None,None,True,3,1,None,False,False,2025,6,16,3,"7,27"
1276,"Machmell Kliniklini",-126.1407444,51.6555806,1609,None,None,True,3,1,None,False,False,2025,6,16,3,"7,27"
1239,"Saskatchewan Crossing",-116.7148167,51.96803333,1442,None,None,True,3,1,None,False,False,2025,6,16,3,"7,27"
1387,"Plummer Hut",-125.1645,51.3735,2710,None,None,True,3,1,None,False,False,2025,6,16,3,"7,27"
3873,"Willis",-120.41,49.34,None,None,None,True,3,1,None,False,False,2025,6,16,3,"7,27"
480,"Silverstar SF",-119.0654167,50.3682,1880,None,None,True,3,1,None,False,False,2025,6,16,3,"7,27"
4552,"Mashiter",-123.10,49.75,262,None,None,True,3,1,None,False,False,2025,6,16,3,"7,27"
1313,"Tetrahedron",-123.6051333,49.59785,1422,None,None,True,3,1,None,False,False,2025,6,16,3,"7,27"
3190,"Rockingham",-118.52,52.86,1123,None,None,True,3,1,None,False,False,2025,6,16,3,"7,27"
E313510,"Cranbrook Muriel Baxter",-115.753682,49.507103,941,None,None,True,3,1,None,False,False,2025,6,18,3,"7,27"
E312331,"Sooke Dam FWx",-123.700556,48.516111,180,None,None,True,3,1,None,False,False,2025,6,18,3,"7,27"
E320051,"Kitimat Industrial Ave",-128.688,54.061,None,None,None,True,3,1,None,False,False,2025,6,18,3,"7,27"
E315110,"Smithers Muheim Memorial",-127.168542,54.7784861,496,None,None,True,3,1,None,False,False,2025,6,18,3,"7,27"
E290310,"Elkford Rocky Mountain Elementary School",-114.93342,50.0077944,None,None,None,True,3,1,None,False,False,2025,6,18,3,"7,27"
E326405,"Quesnel Johnston Avenue",-122.494031,52.969061,None,None,None,True,3,1,None,False,False,2025,6,18,3,"7,27"
E316370,"Vancouver Clark Drive",-123.0778,49.2603,None,None,None,True,3,1,None,False,False,2025,6,18,3,"7,27"
E317850,"Kelowna KLO Road",-119.467461,49.86219,350,None,None,True,3,1,None,False,False,2025,6,18,3,"7,27"
E327924,"Port Edward Sunset Drive",-130.29045,54.2231999,None,None,None,True,3,1,None,False,False,2025,6,18,3,"7,27"
E311128,"Duncan College Street",-123.717307,48.786114,32,None,None,True,3,1,None,False,False,2025,6,18,3,"7,27"
E221801,"Harmac Pacific",-123.845,49.1578,None,None,None,True,3,1,None,False,False,2025,6,18,3,"7,27"
E330194,"Warfield Haley Park",-117.74366,49.097286,None,None,None,True,3,1,None,False,False,2025,6,18,3,"7,27"
E316070,"Crofton Elementary",-123.64388889,48.86,None,None,None,True,3,1,None,False,False,2025,6,18,3,"7,27"
599,"Penticton Debeck Road",-119.5715,49.4914,None,None,None,True,3,1,None,False,False,2025,6,18,3,"7,27"
598,"Agassiz Centennial Park",-121.77478,49.23836,None,None,None,True,3,1,None,False,False,2025,6,18,3,"7,27"
0605008,"Kamloops Federal Building",-120.334016,50.67477,None,None,None,True,3,1,None,False,False,2025,6,18,3,"7,27"
0260012,"Trail Columbia Gardens Airport",-117.60711,49.046405,None,None,None,True,3,1,None,False,False,2025,6,18,3,"7,27"
