lincence_no,appurtenant_land,related_licences,fa,purpose
C012745,"STOR FOR C 12744 MOORE CR",None,None,{"Stream Storage: Non-Power"}
C114499,"STORAGE FOR CONDITIONAL WATER LICENCE114434",{"114434"},None,{"Stream Storage: Non-Power"}
C043924,"STOR FOR C 43923 HONEYMOON LK",None,None,{"Stream Storage: Non-Power"}
C115918,"STOR FOR C 155907 NEDS CR",None,None,{"Stream Storage: Non-Power"}
C052538,"STOR FOR C 52537 NATHAN CR",None,None,{"Stream Storage: Non-Power"}
C120204,"8.74 AC OF NW 1/4 OF SEC 9 TP 21 R 12W6M KDYD",None,None,{"Stream Storage: Non-Power","Irrigation: Private"}
C037070,"STOR FOR C 37069 SCARF BR",None,None,{"Stream Storage: Non-Power"}
C110621,"70.5 ACS OF THAT PT OF DL 1683 KDYD LYING WEST & NORTH OF YELLOWHEAD HWY PLAN H11093 EXC PLANS 31942, H558 & KAP53005",None,None,{"Irrigation: Private","Stream Storage: Non-Power"}
C064074,"THAT PART OF SEC 90 RENFREW DIST LYING W OF PLAN 6764",None,None,{"Processing & Mfg: Processing","Stream Storage: Non-Power"}
C106988,"8.2 ACS OF LOT 1 OF SEC 35 TP 20 R 13W6M KDYD PLAN 41371",None,None,{"Stream Storage: Non-Power","Irrigation: Private"}
C119567,"LOT 1 SEC 29 TP 8 NWD PL 26066",None,None,{"Stream Storage: Non-Power"}
C109620,"STOR FOR CL 15960 15969 & 109618 HYDRAULIC CR VER KEL 30A",None,None,{"Stream Storage: Non-Power"}
C058751,"STOR FOR C 58750 RICHARDSON SPR",None,None,{"Stream Storage: Non-Power"}
C058453,"STOR FOR C 58452 CONSTANCE SWAMP",None,None,{"Stream Storage: Non-Power"}
C129150,"The Westerly 1650 feet of Sections 6 and 7, Range 3 East, South Saanich District, containing 95 acres more or less, as shown outlined in red deposited under DD 14496, except parts in Plans 17008, 18362, 30384, 31617 and VIP67428",None,None,{"Irrigation: Private","Stream Storage: Non-Power"}
F127777,"STOR FOR F 9987 FOUNTAIN CR",None,None,{"Stream Storage: Non-Power"}
C106306,"CON PROJECT OF LICENSEE WITHIN WHITE CR & WHITE LK IN TP 22 R 10 & TP 22, R 9 W6M",None,None,{"Conservation: Storage","Stream Storage: Non-Power"}
C024766,"STOR FOR C 24765 HONEYMOON LK",None,None,{"Stream Storage: Non-Power"}
C034751,"STOR FOR C 34750 HARDWICK CR",None,None,{"Stream Storage: Non-Power"}
C061910,"STOR FOR C61909 DODGE CR",None,None,{"Stream Storage: Non-Power"}
F009584,"STOR FOR C 67039 KNOUFF CR",None,None,{"Stream Storage: Non-Power"}
C124360,"PARCEL B (DD122859I) OF LOT 2 SECTION 84 SOOKE DISTRICT PLAN 1999 EXCEPT PART IN PLAN 19370 ",None,None,{"Irrigation: Private","Stream Storage: Non-Power"}
C119678,"1 AC L B DL 2382S SDYD PL 34512",None,None,{"Stream Storage: Non-Power","Irrigation: Private"}
C044939,"STOR FOR CWL 117294 & CWL 117295 HASLAM CR & MCNEILL LK",{"117294","117295"},None,{"Stream Storage: Non-Power"}
C055030,"STOR FOR C 55029 WHELAN CR",None,None,{"Stream Storage: Non-Power"}
C114208,"AS SET OUT IN CONDITIONAL WATER LICENCES 114193 AND 114209",{"114193","114209"},None,{"Stream Storage: Non-Power"}
C030674,"STOR FOR C 30673 HECTOR CR",None,None,{"Stream Storage: Non-Power"}
C112024,"STOR FOR C111384",None,None,{"Stream Storage: Non-Power"}
504928,"District Lot 1141 Range 5 Coast District Except Plan 6795",None,None,{"Livestock & Animal","Stream Storage: Non-Power"}
C072845,"SE 1/4 OF NE 1/4 OF SEC 9 TP 23 R 16 W6M",None,None,{"Irrigation: Private","Stream Storage: Non-Power"}
C115925,"SEE FILE",None,None,{"Stream Storage: Non-Power","Irrigation: Private"}
C130933,"Storage for C130930 Anderson Creek",None,None,{"Stream Storage: Non-Power"}
C123737,"LOT B DISTRICT LOT 11 AND LOT 100 OYSTER DISTRICT PLAN VIP84059",None,None,{"Irrigation: Private","Livestock & Animal: Stockwatering","Stream Storage: Non-Power"}
C024764,"STOR FOR C 24763 HONEYMOON LK",None,None,{"Stream Storage: Non-Power"}
C038180,"STOR FOR C 38179 ALLISON CR",None,None,{"Stream Storage: Non-Power"}
C125777,"Lot 2, Sections 7 and 8, Range 1, South Salt Spring Island, Cowichan District, Plan VIP81978, except part in Plan VIP87315",None,None,{"Irrigation: Private","Stream Storage: Non-Power"}
C108079,"LOT GZ KAMLOOPS INDIAN RESERVE #1 AS SHOWN ON PLAN 63044 CANADA LANDS SURVEYS RECORDS OTTAWA",None,None,{Domestic,"Stream Storage: Non-Power"}
C061158,"STOR FOR C 63657 READ CAM NORTH W MIDDAY & MIDDAY CRS",None,None,{"Stream Storage: Non-Power"}
C057952,"STOR FOR C 57950 SHATFORD CR & C 57951 MARRON R",None,None,{"Stream Storage: Non-Power"}
C061471,"STOR FOR C 61470 GARLICK BR",None,None,{"Stream Storage: Non-Power"}
C128071,"Lot 2, Section 20, Range 2, Mountain District and District Lot 21, Wellington District, Plan VIP88283 except part in Plan EPP12831",None,None,{"Stream Storage: Non-Power","Irrigation: Private"}
C119264,"THAT PART OF L A PLAN KAP48436 LYING RIGHT OF DURAND CR WITHIN THE SW 1/4 SEC 36 TWP 20 R 21 W6M KDYD",None,None,{"Stream Storage: Non-Power","Irrigation: Private"}
C118786,"14.4 ACRES OF LOT 1 DL 212 SDYD PLAN 27424 EXCEPT PLANS 33507 AND 33989",None,None,{"Stream Storage: Non-Power","Irrigation: Private"}
C118006,"STOR FOR C 111553 C 118031 AND C 118032 OR ANY LICENCES ISSUED IN SUBSTITUTION THEREOF",None,None,{"Stream Storage: Non-Power"}
C062952,"STOR FOR C 62951 LINDQUIST CR (see case notes)",None,None,{"Stream Storage: Non-Power"}
F109778,"L 1 DL 2138 2139 2408 & 3171 KDYD PLAN 37432 WITHIN L 2138 & 2139 KDYD",None,None,{"Stream Storage: Non-Power","Irrigation: Private"}
C118926,"DL 3100 KDYD EXC KAP65155",None,None,{"Stream Storage: Non-Power","Irrigation: Private"}
C122552,"Lot A, Sections 17 and 18, VIP74669 and Lot 15, Section 18, Plan 37639, Saturna Island, Cowichan District",None,None,{Domestic,"Stream Storage: Non-Power"}
C130255,"Lot A, Sections 17 and 18, VIP74669 and Lot 15, Section 18, Plan 37639, Saturna Island, Cowichan District",None,None,{"Stream Storage: Non-Power","Misc Ind'l: Fire Protection"}
F050173,"STOR FOR F 50172 ED JAMES CR",None,None,{"Stream Storage: Non-Power"}
C120203,"15.58 AC OF L1 SEC 17 TP 21 R 12 W6M KDYD PL KAP50063",None,None,{"Irrigation: Private","Stream Storage: Non-Power"}
C035049,"STOR FOR C 35050 ROANY CR",None,None,{"Stream Storage: Non-Power"}
C037176,"STOR FOR C 37175 PAUL LK",None,None,{"Stream Storage: Non-Power"}
F044075,"STOR FOR F 4057, 4058, 4059 & 4060 QUILCHENA CR",None,None,{"Stream Storage: Non-Power"}
C055073,"STOR FOR C 55072 GARFIELD SPR & GODFREY POND",None,None,{"Stream Storage: Non-Power"}
F067970,"STOR FOR F 67969 MARRON R",None,None,{"Stream Storage: Non-Power"}
C107028,"LOT 2 BLOCK 29 COMOX DIST PLAN 34568",None,None,{Domestic,"Stream Storage: Non-Power"}
503184,"Lot A, District Lot 22, Nelson District, Plan 23836",None,None,{Domestic,"Irrigation: Private","Stream Storage: Non-Power"}
C132395,"The Northwest 1/4 of Section 6 Township 20 Range 13 West of the 6th Meridian Kamloops Division Yale District",None,None,{"Land Improvement: General","Stream Storage: Non-Power"}
C043930,"STOR FOR C 43929 NEWMAN CR",None,None,{"Stream Storage: Non-Power"}
C065834,"L 1 OF SEC 12 R 1 QUAMICHAN DIST PLAN 23861",None,None,{"Stream Storage: Non-Power","Greenhouse & Nursery: Greenhouse","Irrigation: Private"}
505497,"BLOCK B SECTION 21 TOWNSHIP 88 RANGE 22 WEST OF THE 6TH MERIDIAN BLOCK A OF SECTION 21 TOWNSHIP 88 RANGE 22 WEST OF THE SIXTH MERIDIAN BLOCK A OF SECTION 22 TOWNSHIP 88 RANGE 22 WEST OF THE SIXTH MERIDIAN BLOCK B OF SECTION 22 TOWNSHIP 88 RANGE 22 WEST OF THE 6TH MERIDIAN BLOCK A OF SECTION 23 TOWNSHIP 88 RANGE 22 WEST OF THE 6TH MERIDIAN THE SOUTH WEST 1/4 OF SECTION 27 TOWNSHIP 88 RANGE 22 WEST OF THE SIXTH MERIDIAN ALL WITHIN THE PEACE RIVER DISTRICT",None,None,{"Livestock & Animal","Stream Storage: Non-Power",Domestic}
C051020,"STOR FOR C 51019 JEFCOAT SPR",None,None,{"Stream Storage: Non-Power"}
C130782,"Common Property, Strata Plan VIS6504",None,None,{"Land Improvement: General","Stream Storage: Non-Power"}
C067288,"100 AC OF L 1178 KDYD",None,None,{"Stream Storage: Non-Power","Irrigation: Private"}
C119547,"24 AC OF DL 3489 & 3491 EXC THE W 1/2& PL 35207 ALL OF ODYD",None,None,{"Stream Storage: Non-Power","Irrigation: Private"}
505102,"Strata Lot 4, Section 132, Lake District, Strata Plan EPS1601, together with an interest in the common property in proportion to the unit entitlement of the Strata Lot as shown on Form V",None,None,{"Stream Storage: Non-Power","Land Improvement: General"}
C070703,"L 3342 KDYD",None,None,{"Livestock & Animal: Stockwatering","Stream Storage: Non-Power","Irrigation: Private"}
C123445,"32.3 AC OF DL 492 KDYD EXC PL KAP75197",None,None,{"Irrigation: Private","Stream Storage: Non-Power"}
C022586,"STOR FOR C 22585 CHASE R",None,None,{"Stream Storage: Non-Power"}
C104096,"AS SET OUT IN FL 9549",None,None,{"Stream Storage: Non-Power"}
C063932,"STOR FOR CL 63931 AUTUMN BR",None,None,{"Stream Storage: Non-Power"}
C046938,"STOR FOR C 46824 NEFF CR",None,None,{"Stream Storage: Non-Power"}
C017842,"STOR FOR C 32119 DUTEAU CR",None,None,{"Stream Storage: Non-Power"}
F127775,"STOR FOR F 4690",None,None,{"Stream Storage: Non-Power"}
C067150,"STOR FOR F 3530 3531 & 12419 CHASE CR",None,{"Stream Storage: Non-Power"}
C118226,"15.3 ACRES OF NW 1/4 SEC 18 TP4 ODYD",None,None,{"Irrigation: Private","Stream Storage: Non-Power"}
C068476,"LAND WITHIN BOUNDARIES OF DIST",None,None,{"Irrigation: Local Provider","Stream Storage: Non-Power"}
C109746,"THAT PART OF DL 192 KDYD LYING NORTH AND WEST OF PLAN 400",None,None,{"Stream Storage: Non-Power","Conservation: Use of Water"}
C066590,"AS SET OUT IN CWL 66584",{"66584"},None,{"Stream Storage: Non-Power"}
F006199,"STOR FOR F 6198 GLOVER LK",None,None,{"Stream Storage: Non-Power"}
C039864,"STOR FOR C 39863 PAUL LK",None,None,{"Stream Storage: Non-Power"}
C023317,"STOR FOR F 15510 & 15511 EQUESIS CR",None,None,{"Stream Storage: Non-Power"}
C117879,"LOT 4 DISTRICT LOT 46 OYSTER DISTRICTPLAN 38774",None,None,{"Livestock & Animal: Stockwatering","Stream Storage: Non-Power"}
C132312,"Storage for F012795 LINDQUIST CR",None,None,{"Stream Storage: Non-Power"}
501344,"The South East 1/4 Section 33, Township 22, Range 21, West of the 6th Meridian, Kamloops Division Yale District, Except the Land Covered by the Waters of Sparks Lake at the Time of the Survey of Said Lake Shown Upon a Plan of Survey of the North West1/4 of Township 22, Dated at Ottawa the 8th Day of September, 1921, of which of which 10.1 hectares may be irrigated.",None,None,{"Irrigation: Private","Stream Storage: Non-Power"}
F010246,"STOR FOR C067333",None,None,{"Stream Storage: Non-Power"}
F010195,"STOR FOR F 9769 LAUDER CR",None,None,{"Stream Storage: Non-Power"}
C034539,"STOR FOR C 34538 GULCH CR",None,None,{"Stream Storage: Non-Power"}
F013855,"STOR FOR F 13852 MONTE CR",None,None,{"Stream Storage: Non-Power"}
C065508,"BLK B OF L 3005 CASSIAR DIST",None,None,{"Stream Storage: Non-Power",Domestic}
C068485,"AS SET OUT IN FWL 11801",None,None,{"Stream Storage: Non-Power"}
C114231,"AS SET OUT IN CONDITIONAL WATER LICENCE 114230",None,None,{"Stream Storage: Non-Power"}
C132064,"Storage for C045893, Peterson Creek",None,None,{"Stream Storage: Non-Power"}
C031326,"STOR FOR C 31325 PINKUT CR",None,None,{"Stream Storage: Non-Power"}
C103981,"AMENDED L 1 (PLAN 6056) OF L 507 PLAN4844; L2 & 4 OF L 507 & 7381 PLAN 4844; L 3 OF L 7381 PLAN 4844L L 5 OFL 507 6564 & 7537 PLAN 4884 EXC PLAN 6056 ALL OF R 5 COAST DIST",None,None,{"Stream Storage: Non-Power","Pulp Mill"}
C072293,"THAT PART OF LOT 1 SECTIONS 17 & 18 RGE 5E N DIV SALTSPRING IS COWICHAN DIST PLAN 6636 LYING TO THE SOUTH OF LOT 2 PLAN 6636 OF WHICH 1.0 ACRE MAY BE IRRIGATED",None,None,{"Irrigation: Private","Stream Storage: Non-Power"}
F011400,"STOR FOR C 62425 BARNES CR",None,None,{"Stream Storage: Non-Power"}
C046591,"STOR FOR F 3616 NICOLA R",None,None,{"Stream Storage: Non-Power"}
F062033,"L 2380 CASSIAR DIST EXC PLAN 4679 7479 8176 11421 & 11424",None,None,{Domestic,"Stream Storage: Non-Power"}
C043898,"STOR FOR C 43897 HONEYMOON LK",None,None,{"Stream Storage: Non-Power"}
C058007,"STOR FOR C 20727 QUENVILLE CR",None,None,{"Stream Storage: Non-Power"}
C025184,"STOR FOR C 25183 MOORE CR",None,None,{"Stream Storage: Non-Power"}
C019713,"STOR FOR C 19712 SPARKS CR",None,None,{"Stream Storage: Non-Power"}
C031368,"STOR FOR C 29965 WOODPECKER SWAMP",None,None,{"Stream Storage: Non-Power"}
C005735,"STOR FOR C 5731 & 5732 ELLIS CR",None,None,{"Stream Storage: Non-Power"}
C064998,"L 1 OF L 54 KDYD PLAN 35964",None,None,{Domestic,"Stream Storage: Non-Power"}
C112664,"1.67 AC OF L 14 OF SEC 7 & 18 TP 20 R 19 W6M KDYD PLAN 31473",None,None,{"Stream Storage: Non-Power","Irrigation: Private","Livestock & Animal: Stockwatering"}
C062797,"STOR FOR C 62796 BARNES CR",None,None,{"Stream Storage: Non-Power"}
F008936,"STOR FOR F 6457 GUICHON CR",None,None,{"Stream Storage: Non-Power"}
C129468,"as set out in Conditional Water Licence 129457 or any licence in substitution thereof",{"129457"},None,{"Stream Storage: Non-Power"}
C024798,"STOR FOR C 24797",None,None,{"Stream Storage: Non-Power"}
C115852,"AS SET OUT IN CONDITIONAL WATER LICENCE 115851",{"115851"},None,{"Stream Storage: Non-Power"}
C035506,"STOR FOR C 29585 TSULQUATE R",None,None,{"Stream Storage: Non-Power"}
C070705,"L 2422 KDYD",None,None,{"Irrigation: Private","Stream Storage: Non-Power"}
F132013,"Storage for C131444, Barnes Creek",None,None,{"Stream Storage: Non-Power"}
C057397,"STOR FOR C 20727 QUENVILLE CR",None,None,{"Stream Storage: Non-Power"}
C132260,"District Lot 1489, Range 1, Coast District",None,None,{"Stream Storage: Non-Power","Comm. Enterprise: Enterprise"}
C051778,"SET OUT IN C 51777 TAWNY GOLD SWAMP",None,None,{"Stream Storage: Non-Power"}
C070702,"L 2422 KDYD",None,None,{"Stream Storage: Non-Power","Irrigation: Private","Livestock & Animal: Stockwatering"}
F011747,"STOR FOR F 11740 & 11744 POWERS CR",None,None,{"Stream Storage: Non-Power"}
C125159,"STORAGE FOR C125155 FULLER LAKE",None,None,{"Stream Storage: Non-Power"}
C067981,"STOR FOR C 62978 & 62982 LALUWISSIN CR",None,None,{"Stream Storage: Non-Power"}
C033023,"STOR FOR C 33022 PAUL LK",None,None,{"Stream Storage: Non-Power"}
C111679,"LOT 4 DL 214S AND OF SEC 23 TP 88 SDYD PL 23700 EXC PL H15201",None,None,{"Stream Storage: Non-Power","Irrigation: Private"}
C119745,"STOR FOR C 119741 AND 27963 GRAFTON LK",None,None,{"Stream Storage: Non-Power"}
C108590,"ORCHARD LAKE NORTH PASTURE",None,None,{"Livestock & Animal: Stockwatering","Stream Storage: Non-Power"}
C106688,"THAT PART OF STRATA PLAN K180 SHOWN AS COMMON PROPERTY OF PHASE 1 LYING WITHIN NE 1/4 SEC 3 TP 88 SDYD LYING W OF WHITE LAKE RD",None,None,{"Stream Storage: Non-Power","Irrigation: Private"}
C033810,"STOR FOR F 3608, 3611, 3613 & 10851 CHAPPERON CR",None,None,{"Stream Storage: Non-Power"}
C111382,"L 13 SEC 89 SOOKE DIST PLN 5313",None,None,{"Stream Storage: Non-Power",Domestic}
C131733,"Lot A, Loop Farms and District Lot 106, Alberni District, Plan VIP57991, except that part in Plan VIP65071",None,None,{"Pond & Aquaculture","Stream Storage: Non-Power"}
C119317,"STORAGE FOR C119310 (Lot A, (Except: Plan EPP1651) District Lot 437, Group 2, New Westminster District, Plan LMP19943)",None,None,{"Stream Storage: Non-Power"}
C064733,"1.34 AC OF L 1 OF SEC 54 LAKE DIST PLAN 39376",None,None,{"Irrigation: Private","Stream Storage: Non-Power"}
F020478,"STOR FOR F 20481 WEAVER CR",None,None,{"Stream Storage: Non-Power"}
C104604,"STOR FOR 104598",None,None,{"Stream Storage: Non-Power"}
C022721,"STOR FOR C 22720 HOLYOAK LK",None,None,{"Stream Storage: Non-Power"}
C111028,"L 21 SECS 35 45 & 46 SDSI COWICHAN DIST PLN 1812",None,None,{Domestic,"Stream Storage: Non-Power"}
C119232,"S 1/2 OF NE 1/4 SEC 35 EXC PLAN 23065AND THAT PART OF L B PLAN KAP48346 WITHIN THE S 1/2 OF THE NW 1/4 SEC 36ALL WITHIN TP 20 R21 W6M KDYD",None,None,{"Livestock & Animal: Stockwatering","Irrigation: Private","Stream Storage: Non-Power"}
C126214,"all lands within the boundaries of the District of Port Edward Range 5 Coast District",None,None,{"Waterworks: Local Provider","Stream Storage: Non-Power"}
C068665,"L 120, 168, 169, 186, 187 & 1304 EXC PART LYING WITHIN L 614 KDYD",None,None,{"Irrigation: Private","Stream Storage: Non-Power"}
C129083,"the North 1/2 of Legal Subdivision 9 and Fractional Legal Subdivision 10 both of Section 27 Township 21 Range 12 West of the 6th Meridian Kamloops Division Yale District",None,None,{"Irrigation: Private","Stream Storage: Non-Power"}
C072299,"L A SEC 20 RGE 3E N DIV SALTSPRING ISCOWICHAN DIST PLAN 28650",None,None,{Domestic,"Stream Storage: Non-Power"}
C024716,"STOR FOR C 24715 HONEYMOON LK",None,None,{"Stream Storage: Non-Power"}
C015585,"STOR FOR C 25870 B X CR",None,None,{"Stream Storage: Non-Power"}
C002192,"STOR FOR C 2191 COMMUNITY LK",None,None,{"Stream Storage: Non-Power"}
501926,"Lot 1, Sections 11 and 12, Range 5, Chemainus District, Plan 9617, except part in Plan VIP69485 and EPP25011",None,None,{"Irrigation: Private","Stream Storage: Non-Power"}
C055241,"STOR FOR C 55240 EMERALD POND",None,None,{"Stream Storage: Non-Power"}
F041457,"STOR FOR C 41456 ROBBINS CR",None,None,{"Stream Storage: Non-Power"}
C033302,"STOR FOR F 42553 PAUL LK",None,None,{"Stream Storage: Non-Power"}
C116575,"SET OUT IN CWL 116415",{"116415"},None,{"Stream Storage: Non-Power"}
C122509,"LOT A OF SECTIONS 8 9 10 11 & 12 RANGE 1 EAST & OF SECTIONS 7 8 9 10 11 & 12 RANGE 2 EAST & OF SECTIONS 9 10 11& 12 RANGE 3 EAST NORTH SAANICH PLAN 38759 LOT 5 SECTIONS 10 11 12 RANGE 1 E & RANGE 1 W PLAN 33744",None,None,{"Stream Storage: Non-Power","Irrigation: Private"}
C046969,"STOR FOR C 46968 PAUL LK",None,None,{"Stream Storage: Non-Power"}
C115151,"STOR FOR C115150",{"C115150"},None,{"Stream Storage: Non-Power"}
C048614,"STOR FOR C 48613 DERENZY CR",None,None,{"Stream Storage: Non-Power"}
C019021,"STOR FOR C 19009 CROFTON LK",None,None,{"Stream Storage: Non-Power"}
C032112,"STOR FOR C 32110 MARRON R & C 32111 SHATFORD CR",None,None,{"Stream Storage: Non-Power"}
C125752,"Lot A, Section 70, Lake District, Plan 49389",None,None,{"Stream Storage: Non-Power","Irrigation: Private"}
C120780,"7 AC L 4 DL 491 & SEC 14 TP 66 SDYD PL KAP73751",None,None,{"Stream Storage: Non-Power","Irrigation: Private"}
C129467,"as set out in Conditional Water Licence 129456 or any licence issued in substitution thereof",{"129456"},None,{"Stream Storage: Non-Power"}
C130016,"Penticton Indian Band Indian Reserve 1, of which 41.3 hectares (102 acres) may be irrigated",None,None,{"Irrigation: Private","Stream Storage: Non-Power"}
C053949,"THAT PART OF L 1 PLAN 2455 LYING WITHIN L 25 GP 8 YALE- LYTTON EXC PLAN 17018",None,None,{"Stream Storage: Non-Power"}
C064171,"STOR FOR C 64170 ROUND CR",None,None,{"Stream Storage: Non-Power"}
C052452,"THE WATERWORKS UNDERTAKING AND THE CONSERVATION PROJECT OF THE CAPITAL REGIONAL DISTRICT (WATER DEPARTMENT)",None,None,{"Stream Storage: Non-Power","Waterworks: Local Provider"}
C126220,"46.7 AC OF NW 1/4 SEC 26 & THOSE PORTIONS OF NE 1/4 OF NE 1/4 OF LS 16 SEC 27 & S 1/2 OF SE 1/4 SEC 34 LYING E OF CHUM LK & CHUM CR ALL OF TP 21 R 12 W6M KDYD",None,None,{"Stream Storage: Non-Power","Irrigation: Private"}
C115529,"STOR FOR C 115528 COGHLAN CR",None,None,{"Stream Storage: Non-Power"}
F010466,"AS SET OUT IN CWL 56313",{"56313"},None,{"Stream Storage: Non-Power"}
C036429,"STOR FOR C 36428 POWELL CR",None,None,{"Stream Storage: Non-Power"}
C047135,"STOR FOR C 47134 JONES CR",None,None,{"Stream Storage: Non-Power"}
506040,"District Lot 7539 Kootenay District Except Part Included in Plan 11158",None,None,{Domestic,"Irrigation: Private","Stream Storage: Non-Power"}
C130854,"Lot A, Section 6, Comox District, Plan 4007, except that part in Plans 1191R and 39350",None,None,{"Irrigation: Private","Stream Storage: Non-Power"}
C062130,"STOR FOR C 62129 MILE CR",None,None,{"Stream Storage: Non-Power"}
F014930,"STOR FOR C068666",{"C068666"},None,{"Stream Storage: Non-Power"}
C064239,"STOR FOR F 19418 REED CR & DOWDING SPR",None,None,{"Stream Storage: Non-Power"}
C127732,"LOT 1, SECTION 9 LASQUETI ISLAND NANAIMO DISTRICT PLAN VIP80341",None,None,{"Stream Storage: Non-Power",Domestic}
C100904,"THAT PORTION OF L A DIST LOT 10 CAMERON DIST PLAN 43792 LYING EAST OF WHISKY CREEK",None,None,{"Stream Storage: Non-Power","Irrigation: Private"}
C114277,"LOT A SECTION 12 RANGE 3 PLAN VIP54444 LOT 2 SECTIONS 13 AND 14 RANGE 3 AND SECTION 14 RANGE 4 PLAN 27866 LOT 1 SECTION 14 RANGE 3 PLAN 50186 LOT D SECTION 14 RANGE 3 PLAN 31839 ALL OF SHAWNIGAN DISTRICT",None,None,{"Stream Storage: Non-Power","Irrigation: Private"}
F005895,"STOR FOR F 21235 JACKO CR",None,None,{"Stream Storage: Non-Power"}
C115069,"16 AC THT PART OF LS 15 SEC 8 TP 19 R17 W6M KDYD LYING EAST OF LONG LK RD",None,None,{"Irrigation: Private","Livestock & Animal: Stockwatering","Stream Storage: Non-Power"}
C037988,"STOR FOR C 37987 WABY LK",{"C37987"},None,{"Stream Storage: Non-Power"}
C028721,"STOR FOR F 12175 SCOTTY CR",{"F12175"},None,{"Stream Storage: Non-Power"}
C025320,"STOR FOR C 25319 BRUCE CR",{"C25319"},None,{"Stream Storage: Non-Power"}
C116552,"L A DL 230S PL KAP72391 DL 230S EXC PLANS H15201 34722 KAP72391 DL 237S EXC PLANS H15201 & 34722 ALL SDYD",None,None,{"Stream Storage: Non-Power","Irrigation: Private"}
F012403,"STOR FOR F 12402 GARDEN BAY LK",{"F12402"},None,{"Stream Storage: Non-Power"}
C115926,"NW 1/4 SEC 28 N 1/2 SEC 29 SEC 31 S 1/2 SEC 32 & LS 4 SEC 33 ALL WITHIN TP 20 R 20 W6M KDYD",None,None,{"Stream Storage: Non-Power"}
C101138,"L 2 SEC 16 AND 17 R 5 EAST NORTH SALTSPRING ISLAND COWICHAN DISTRICT PLAN 40347",None,None,{"Irrigation: Private","Stream Storage: Non-Power"}
C115795,"6 AC THAT PART OF SW 1/4 SEC 9 TP 19 R14 W6M KDYD LYING EAST OF PL H83 & KAP59447",None,None,{"Irrigation: Private","Stream Storage: Non-Power"}
C132459,"Storage for C132459 and C036152 Tunkwa Creek",{"C132459","C036152"},None,{"Stream Storage: Non-Power"}
C062112,"STOR FOR C 62111 CYGNET CR",{"C62111"},None,{"Stream Storage: Non-Power"}
C133599,"Storage for licence F048085",{"F048085"},None,{"Stream Storage: Non-Power"}
C016296,"STOR FOR C 16295 CAPILANO R",{"C16295"},None,{"Stream Storage: Non-Power"}
F012176,"STOR FOR F 12175 SCOTTY CR",{"F12175"},None,{"Stream Storage: Non-Power"}
C130587,"Lot 3 Section 4 Township 19 Range 9 West of the 6th Meridian Kamloops Division Yale District Plan 27412 Except Plan 38988 of which 1.6 hectares (4 acres) may be irrigated",None,None,{"Irrigation: Private","Stream Storage: Non-Power"}
F062211,"AS SET OUT IN C 110502",{"C110502"},None,{"Stream Storage: Non-Power"}
F124932,"THAT PORTION OF DL 771 R 5 COAST DISTRICT EXCEPT PLANS 4481 4758 11526 PRP46321 LYING SOUTH OF HWY 16",None,None,{Domestic,"Stream Storage: Non-Power"}
C060383,"STOR FOR C 36583 & 59241 RIBBLEWORTH CR",{"C36583","59241"},None,{"Stream Storage: Non-Power"}
C131534,"All irrigable lands within the boundaries of the Corporation of the City of Penticton",None,None,{"Irrigation: Private","Stream Storage: Non-Power"}
C072291,"LOT 3 SECTION 17 RANGE 4 CEDAR DISTRICT PLAN 33123",None,None,{"Irrigation: Private","Stream Storage: Non-Power",Domestic}
C105414,"STOR FOR C 105412 TREPANIER CREEK",{"C105412"},None,{"Stream Storage: Non-Power"}
C130945,"Storage for Conditional Water Licence C026252 and C026253 on Stumplake Creek",{"C026252","C026253"},None,{"Stream Storage: Non-Power"}
C063520,"STOR FOR CL 63519 FORTUNE CR, S FORTUNE CR & BIG SWAMP CR",{"CL63519"},None,{"Stream Storage: Non-Power"}
C125717,"Fractional SW 1/4 Section 21, Fractional NW 1/4 Section 16 Except South 40 acres, Fractional NE 1/4 Section 17, all of Township 20, District Lot 477, Group 2, Except part on Reference Plan 1212A, all in New Westminster District",None,None,{"Transport Mgmt: Dust Control","Processing & Mfg: Processing","Stream Storage: Non-Power"}
C057102,"STOR FOR C 57101 HICKOK CR",{"C57101"},None,{"Stream Storage: Non-Power"}
C131822,"Lot 3 District Lot 3345 Kamloops Division Yale District Plan KAP85381",None,None,{"Stream Storage: Non-Power"}
C059671,"STO FOR C 59670 GINNARD CR",{"C59670"},None,{"Stream Storage: Non-Power"}
504762,"2 Ha of LOT 1 SECTION 32 TOWNSHIP 20 RANGE 10 WEST OF THE 6TH MERIDIAN KAMLOOPS DIVISION YALE DISTRICT PLAN 2309",None,None,{"Irrigation: Private","Stream Storage: Non-Power"}
C119543,"51 AC THAT PART OF DL 3799 LYING W OFTHE W BOUNDARY OF DL 3490 & THE PROD UCTION NORTHERLY OF THE SAID W BOUNDARY BLOCKS A & B OF DL 3800A AND DL 5125 ALL OF ODYD",None,None,{"Stream Storage: Non-Power","Irrigation: Private"}
C003759,"STOR FOR C 3756 ARMOUR CR",{"C3756"},None,{"Stream Storage: Non-Power"}
C027536,"STOR FOR F 47742 BESSETTE CR",{"F47742"},None,{"Stream Storage: Non-Power"}
F008935,"STOR FOR F 8229 GUICHON CR",{"F8229"},None,{"Stream Storage: Non-Power"}
C052935,"STOR FOR C 26596 HOOK CR",{"C26596"},None,{"Stream Storage: Non-Power"}
C054808,"STOR FOR C 54807 MONEY LK #1",{"C54807"},None,{"Stream Storage: Non-Power"}
F019453,"STOR FOR F 45464 PETERSON CR",{"F45464"},None,{"Stream Storage: Non-Power"}
C026137,"STOR FOR C 5729 & 14229 PENTICTON CR",{"C5729","14229"},None,{"Stream Storage: Non-Power"}
C066155,"25 AC OF L 1671 ODYD EXC PLAN 33551",None,None,{"Irrigation: Private","Stream Storage: Non-Power",Domestic}
C132875,"Lot 4, District Lot 1093, Kootenay District, Plan EPP31451",None,None,{"Stream Storage: Non-Power","Irrigation: Private"}
C034783,"STOR FOR C 34782 PAUL LK",{"C34782"},None,{"Stream Storage: Non-Power"}
C100985,"DL235 COMOX DIST",None,None,{"Crops: Frost Protection","Stream Storage: Non-Power","Crops: Flood Harvesting"}
C106482,"DL 583 KDYD EXCEPT PLANS B12768 & HWY #1 (PLAN H686) THAT PART OF L A OF DL 584 KDYD PLAN 27624 LYING N OF CNR (PLAN A242)",None,None,{"Stream Storage: Non-Power","Irrigation: Private"}
C123830,,None,{Domestic,"Stream Storage: Non-Power","Irrigation: Private"}
500672,,None,{"Irrigation: Private","Stream Storage: Non-Power"}
C118187,,None,{"Stream Storage: Non-Power"}
C130950,,None,{"Stream Storage: Non-Power","Irrigation: Private"}
C016298,,None,{"Stream Storage: Non-Power"}
C109540,,None,{"Stream Storage: Non-Power",Domestic}
C059637,,None,{"Stream Storage: Non-Power"}
F060811,,None,{"Stream Storage: Non-Power"}
C017696,,None,{"Stream Storage: Non-Power"}
C115602,,None,{"Stream Storage: Non-Power"}
504497,,None,{"Irrigation: Private","Stream Storage: Non-Power"}
C127917,,None,{"Stream Storage: Non-Power","Irrigation: Private"}
505947,,None,{"Stream Storage: Non-Power",Domestic,"Irrigation: Private"}
F018252,,None,{"Stream Storage: Non-Power"}
C126298,,None,{"Stream Storage: Non-Power","Irrigation: Private"}
C046965,,None,{"Stream Storage: Non-Power"}
C120136,,None,{"Stream Storage: Non-Power"}
C120779,,None,{"Irrigation: Private","Stream Storage: Non-Power"}
C122118,,None,{"Stream Storage: Non-Power","Land Improvement: General","Lwn, Fairway & Grdn: Watering"}
F011802,,None,{"Stream Storage: Non-Power"}
C121711,,None,{"Stream Storage: Non-Power"}
C024740,,None,{"Stream Storage: Non-Power"}
C120370,,None,{"Stream Storage: Non-Power","Irrigation: Private"}
C120003,,None,{"Livestock & Animal: Stockwatering","Stream Storage: Non-Power"}
C133984,,None,{"Stream Storage: Non-Power","Irrigation: Private"}
C041125,,None,{"Stream Storage: Non-Power"}
C015974,,None,{"Stream Storage: Non-Power"}
F004248,,None,{"Stream Storage: Non-Power"}
C119341,,None,{"Stream Storage: Non-Power"}
C125907,,None,{Domestic,"Stream Storage: Non-Power"}
F009218,,None,{"Stream Storage: Non-Power"}
C102997,,None,{"Irrigation: Private","Stream Storage: Non-Power"}
C030180,,None,{"Stream Storage: Non-Power"}
F008690,,None,{"Stream Storage: Non-Power"}
C003686,,None,{"Stream Storage: Non-Power"}
C131625,,None,{"Stream Storage: Non-Power","Lwn, Fairway & Grdn: Watering"}
C067991,,None,{"Stream Storage: Non-Power","Waterworks: Local Provider"}
C101099,,None,{"Stream Storage: Non-Power",Domestic}
C065845,,None,{"Stream Storage: Non-Power",Domestic}
C100976,,None,{"Stream Storage: Non-Power","Crops: Flood Harvesting"}
F018986,,None,{"Stream Storage: Non-Power"}
C130659,,None,{"Stream Storage: Non-Power"}
C124048,,None,{"Stream Storage: Non-Power"}
C047058,,None,{"Stream Storage: Non-Power",Domestic}
502264,,None,{"Stream Storage: Non-Power","Irrigation: Private"}
C054493,,None,{"Stream Storage: Non-Power"}
C063669,,None,{"Comm. Enterprise: Enterprise","Stream Storage: Non-Power"}
C127619,,None,{"Stream Storage: Non-Power"}
F006193,,None,{"Stream Storage: Non-Power"}
F041455,,None,{"Stream Storage: Non-Power"}
C055462,,None,{"Stream Storage: Non-Power"}
F067351,,None,{"Stream Storage: Non-Power"}
C100320,,None,{"Irrigation: Private","Stream Storage: Non-Power"}
C055954,,None,{"Stream Storage: Non-Power"}
F009582,,None,{"Stream Storage: Non-Power"}
C133936,,None,{"Stream Storage: Non-Power","Livestock & Animal"}
C120357,,None,{"Irrigation: Private","Stream Storage: Non-Power"}
C129402,,None,{"Irrigation: Private","Stream Storage: Non-Power"}
C127727,,None,{"Livestock & Animal: Stockwatering","Stream Storage: Non-Power"}
F067960,,None,{"Stream Storage: Non-Power"}
C132043,,None,{"Greenhouse & Nursery: Nursery","Stream Storage: Non-Power","Irrigation: Private"}
C067142,,None,{"Stream Storage: Non-Power"}
C063985,,None,{"Stream Storage: Non-Power"}
C117970,,None,{"Stream Storage: Non-Power"}
C059593,,None,{"Stream Storage: Non-Power"}
F008129,,None,{"Stream Storage: Non-Power"}
C132464,,None,{"Stream Storage: Non-Power"}
C132265,,None,{"Stream Storage: Non-Power","Irrigation: Private",Domestic}
C054416,,None,{"Stream Storage: Non-Power"}
C064019,,None,{"Stream Storage: Non-Power"}
C047716,,None,{"Stream Storage: Non-Power"}
C033544,,None,{"Stream Storage: Non-Power"}
F129728,,None,{"Stream Storage: Non-Power"}
C035954,,None,{"Stream Storage: Non-Power"}
C035561,,None,{"Stream Storage: Non-Power"}
C101053,,None,{"Stream Storage: Non-Power","Lwn, Fairway & Grdn: Watering"}
C060492,,None,{"Stream Storage: Non-Power"}
F051116,,None,{"Stream Storage: Non-Power"}
C115630,,None,{"Stream Storage: Non-Power"}
C053008,,None,{"Stream Storage: Non-Power"}
C104749,,None,{"Ice & Snow Making: Snow","Stream Storage: Non-Power"}
C043853,,None,{"Stream Storage: Non-Power"}
C124751,,None,{"Stream Storage: Non-Power","Waterworks (other than LP)"}
C123089,,None,{"Stream Storage: Non-Power"}
502316,,None,{"Stream Storage: Non-Power",Domestic}
503111,,None,{"Stream Storage: Non-Power","Misc Ind'l"}
505844,,None,{"Livestock & Animal","Stream Storage: Non-Power"}
F014863,,None,{"Stream Storage: Non-Power"}
C109096,,None,{"Irrigation: Private","Stream Storage: Non-Power",Domestic}
F124579,,None,{"Stream Storage: Non-Power"}
C043890,,None,{"Stream Storage: Non-Power"}
C047550,,None,{"Stream Storage: Non-Power"}
C102996,,None,{"Livestock & Animal: Stockwatering","Stream Storage: Non-Power"}
C108841,,None,{"Stream Storage: Non-Power","Irrigation: Private"}
C108757,,None,{"Irrigation: Private","Stream Storage: Non-Power"}
C026599,,None,{"Stream Storage: Non-Power"}
F011159,,None,{"Stream Storage: Non-Power"}
C058373,,None,{"Stream Storage: Non-Power"}
C042879,,None,{"Stream Storage: Non-Power"}
C120358,,None,{"Stream Storage: Non-Power","Irrigation: Private"}
C118442,,None,{"Stream Storage: Non-Power"}
C034631,,None,{"Stream Storage: Non-Power"}
C131823,,None,{"Stream Storage: Non-Power"}
C068403,,None,{"Irrigation: Private","Stream Storage: Non-Power"}
C031388,,None,{"Stream Storage: Non-Power"}
C103242,,None,{"Stream Storage: Non-Power","Waterworks: Local Provider"}
C117454,,None,{"Irrigation: Private","Stream Storage: Non-Power"}
C124902,,None,{"Irrigation: Private","Stream Storage: Non-Power"}
C131325,,None,{"Stream Storage: Non-Power"}
C111407,,None,{"Irrigation: Private","Stream Storage: Non-Power"}
C103886,,None,{"Stream Storage: Non-Power",Domestic,"Irrigation: Private"}
C119100,,None,{"Stream Storage: Non-Power","Lwn, Fairway & Grdn: Watering"}
C064189,,None,{"Stream Storage: Non-Power"}
C126936,,None,{"Irrigation: Private","Stream Storage: Non-Power"}
C119749,,None,{"Stream Storage: Non-Power"}
F111193,,None,{"Stream Storage: Non-Power","Irrigation: Private"}
C024756,,None,{"Stream Storage: Non-Power"}
C133597,,None,{"Stream Storage: Non-Power"}
C125537,,None,{"Stream Storage: Non-Power","Irrigation: Private"}
505321,,None,{"Aquifer Storage: Non-Power","Stream Storage: Non-Power"}
C034389,,None,{"Stream Storage: Non-Power"}
C133596,,None,{"Stream Storage: Non-Power"}
C126438,,None,{"Stream Storage: Non-Power"}
C059145,,None,{"Stream Storage: Non-Power"}
C129172,,None,{"Irrigation: Private","Stream Storage: Non-Power"}
C112674,,None,{Domestic,"Stream Storage: Non-Power"}
C130402,,None,{"Stream Storage: Non-Power","Lwn, Fairway & Grdn: Res L/G"}
C056518,,None,{"Stream Storage: Non-Power"}
C128163,,None,{"Irrigation: Private","Stream Storage: Non-Power"}
C031414,,None,{"Stream Storage: Non-Power"}
C129466,,None,{"Stream Storage: Non-Power"}
C003779,,None,{"Stream Storage: Non-Power"}
C065743,,None,{"Stream Storage: Non-Power","Irrigation: Private"}
C110330,,None,{Domestic,"Stream Storage: Non-Power"}
C045652,,None,{"Stream Storage: Non-Power"}
C121516,,None,{"Conservation: Use of Water","Stream Storage: Non-Power"}
C021933,,None,{"Stream Storage: Non-Power","Waterworks: Local Provider"}
C129837,,None,{"Stream Storage: Non-Power"}
F063651,,None,{"Irrigation: Private","Livestock & Animal: Stockwatering","Stream Storage: Non-Power"}
C037841,,None,{"Stream Storage: Non-Power"}
C045112,,None,{"Stream Storage: Non-Power"}
C130805,,None,{"Stream Storage: Non-Power","Irrigation: Private"}
C132352,,None,{"Stream Storage: Non-Power","Irrigation: Private"}
C058122,,None,{"Stream Storage: Non-Power"}
C119435,,None,{"Stream Storage: Non-Power"}
C118655,,None,{Domestic,"Stream Storage: Non-Power"}
C016271,,None,{"Stream Storage: Non-Power"}
C024734,,None,{"Stream Storage: Non-Power"}
C054539,,None,{"Stream Storage: Non-Power"}
C118052,,None,{"Stream Storage: Non-Power"}
C059633,,None,{"Stream Storage: Non-Power"}
C107879,,None,{"Stream Storage: Non-Power",Domestic}
C056807,,None,{"Stream Storage: Non-Power"}
F108785,,None,{"Stream Storage: Non-Power","Lwn, Fairway & Grdn: Watering"}
C064973,,None,{"Stream Storage: Non-Power","Irrigation: Private"}
C065795,,None,{"Irrigation: Private","Stream Storage: Non-Power"}
C060335,,None,{"Stream Storage: Non-Power"}
C003682,,None,{"Stream Storage: Non-Power"}
C060624,,None,{"Stream Storage: Non-Power"}
F038706,,None,{"Stream Storage: Non-Power"}
C065226,,None,{"Stream Storage: Non-Power"}
C046937,,None,{"Stream Storage: Non-Power"}
C111262,,None,{"Stream Storage: Non-Power","Livestock & Animal: Stockwatering"}
C133458,,None,{"Irrigation: Private","Stream Storage: Non-Power","Conservation: Storage"}
C111222,,None,{"Stream Storage: Non-Power","Lwn, Fairway & Grdn: Watering"}
C038145,,None,{"Stream Storage: Non-Power"}
C042445,,None,{"Stream Storage: Non-Power"}
F059328,,None,{"Stream Storage: Non-Power"}
C108379,,None,{"Stream Storage: Non-Power"}
C124248,,None,{"Stream Storage: Non-Power","Irrigation: Private"}
F072834,,None,{"Stream Storage: Non-Power"}
C034763,,None,{"Stream Storage: Non-Power"}
C134068,,None,{"Stream Storage: Non-Power","Waterworks: Local Provider"}
C058128,,None,{"Stream Storage: Non-Power"}
C043294,,None,{"Stream Storage: Non-Power"}
C107959,,None,{"Stream Storage: Non-Power"}
C057855,,None,{"Stream Storage: Non-Power"}
501681,,None,{"Stream Storage: Non-Power","Livestock & Animal","Irrigation: Private"}
C112137,,None,{Domestic,"Stream Storage: Non-Power"}
C044149,,None,{"Stream Storage: Non-Power"}
C034832,,None,{"Stream Storage: Non-Power"}
F013873,,None,{"Stream Storage: Non-Power"}
C124983,,None,{"Irrigation: Private","Stream Storage: Non-Power"}
504235,,None,{"Misc Ind'l",Cooling,"Stream Storage: Non-Power"}
C029263,,None,{"Stream Storage: Non-Power"}
502010,,None,{"Stream Storage: Non-Power","Irrigation: Private"}
C059278,,None,{"Stream Storage: Non-Power"}
C040319,,None,{"Stream Storage: Non-Power"}
C043857,,None,{"Stream Storage: Non-Power"}
F011746,,None,{"Stream Storage: Non-Power"}
C066877,,None,{"Stream Storage: Non-Power","Irrigation: Private"}
C043910,,None,{"Stream Storage: Non-Power"}
F011424,,None,{"Stream Storage: Non-Power"}
C017534,,None,{"Stream Storage: Non-Power"}
C067990,,None,{"Waterworks: Local Provider","Stream Storage: Non-Power"}
C043660,,None,{"Stream Storage: Non-Power"}
C120524,,None,{"Stream Storage: Non-Power","Irrigation: Private"}
C130855,,None,{"Stream Storage: Non-Power"}
C072637,,None,{"Stream Storage: Non-Power","Irrigation: Private"}
C061129,,None,{"Stream Storage: Non-Power"}
C057503,,None,{"Stream Storage: Non-Power"}
C106475,,None,{Domestic,"Stream Storage: Non-Power"}
C100849,,None,{"Irrigation: Private","Stream Storage: Non-Power"}
C110023,,None,{"Irrigation: Private","Stream Storage: Non-Power"}
F008288,,None,{"Stream Storage: Non-Power"}
C062184,,None,{"Stream Storage: Non-Power"}
F010852,,None,{"Stream Storage: Non-Power"}
C125716,,None,{"Stream Storage: Non-Power"}
C015025,,None,{"Stream Storage: Non-Power"}
C051271,,None,{"Stream Storage: Non-Power"}
C048684,,None,{"Stream Storage: Non-Power"}
503507,,None,{"Misc Ind'l: Fire Protection","Stream Storage: Non-Power"}
C067081,,None,{"Stream Storage: Non-Power"}
F010892,,None,{"Stream Storage: Non-Power"}
C059212,,None,{"Stream Storage: Non-Power"}
C111652,,None,{"Stream Storage: Non-Power","Misc Ind'l: Fire Protection"}
C062063,,None,{"Stream Storage: Non-Power"}
C119874,,None,{Domestic,"Stream Storage: Non-Power"}
C119359,,None,{"Stream Storage: Non-Power","Waterworks: Local Provider"}
C112025,,None,{"Stream Storage: Non-Power"}
C101073,,None,{"Irrigation: Private","Stream Storage: Non-Power"}
F017529,,None,{"Stream Storage: Non-Power"}
C067610,,None,{"Stream Storage: Non-Power"}
C104589,,None,{"Irrigation: Private",Domestic,"Stream Storage: Non-Power"}
C041510,,None,{"Stream Storage: Non-Power"}
F020562,,None,{"Stream Storage: Non-Power"}
C119233,,None,{"Irrigation: Private","Stream Storage: Non-Power"}
C033406,,None,{"Stream Storage: Non-Power"}
C114994,,None,{"Stream Storage: Non-Power","Irrigation: Private"}
501755,,None,{"Stream Storage: Non-Power","Irrigation: Private"}
C046535,,None,{"Stream Storage: Non-Power"}
C108371,,None,{Domestic,"Stream Storage: Non-Power"}
C130941,,None,{"Stream Storage: Non-Power"}
F044277,,None,{"Stream Storage: Non-Power"}
C041070,,None,{"Stream Storage: Non-Power"}
C113007,,None,{"Stream Storage: Non-Power","Waterworks (other than LP)"}
C133428,,None,{"Comm. Enterprise","Stream Storage: Non-Power"}
C038014,,None,{"Stream Storage: Non-Power"}
C110710,,None,{"Stream Storage: Non-Power","Lwn, Fairway & Grdn: Res L/G"}
C033219,,None,{"Stream Storage: Non-Power"}
501333,,None,{"Land Improvement: General",Domestic,"Stream Storage: Non-Power"}
C114997,,None,{"Stream Storage: Non-Power","Lwn, Fairway & Grdn: Watering"}
C063928,,None,{"Stream Storage: Non-Power"}
C056652,,None,{"Stream Storage: Non-Power"}
C048031,,None,{"Stream Storage: Non-Power"}
C024776,,None,{"Stream Storage: Non-Power"}
C122422,,None,{"Stream Storage: Non-Power"}
C126131,,None,{"Stream Storage: Non-Power","Waterworks: Local Provider"}
C047339,,None,{"Stream Storage: Non-Power"}
C004146,,None,{"Stream Storage: Non-Power"}
C054421,,None,{"Stream Storage: Non-Power"}
C046528,,None,{"Stream Storage: Non-Power"}
C117674,,None,{"Irrigation: Private","Stream Storage: Non-Power"}
F127774,,None,{"Stream Storage: Non-Power"}
C104603,,None,{"Stream Storage: Non-Power"}
C055568,,None,{"Stream Storage: Non-Power"}
C033019,,None,{"Stream Storage: Non-Power"}
C106676,,None,{"Stream Storage: Non-Power"}
C053213,,None,{"Stream Storage: Non-Power"}
C024794,,None,{"Stream Storage: Non-Power"}
C132501,,None,{"Stream Storage: Non-Power","Lwn, Fairway & Grdn: Res L/G"}
C132545,,None,{"Stream Storage: Non-Power"}
C024792,,None,{"Stream Storage: Non-Power"}
C110360,,None,{"Irrigation: Private","Stream Storage: Non-Power"}
C051254,,None,{"Stream Storage: Non-Power"}
C132957,,None,{"Stream Storage: Non-Power","Irrigation: Private"}
F006354,,None,{"Stream Storage: Non-Power"}
F021238,,None,{"Stream Storage: Non-Power"}
C115595,,None,{"Pond & Aquaculture","Stream Storage: Non-Power"}
C048952,,None,{"Stream Storage: Non-Power"}
C047258,,None,{"Stream Storage: Non-Power"}
C053695,,None,{"Stream Storage: Non-Power"}
C020728,,None,{"Stream Storage: Non-Power"}
C114110,,None,{"Comm. Enterprise: Enterprise","Irrigation: Private","Stream Storage: Non-Power"}
C129924,,None,{"Stream Storage: Non-Power","Lwn, Fairway & Grdn: Watering"}
C055948,,None,{"Stream Storage: Non-Power"}
F009962,,None,{"Stream Storage: Non-Power"}
C065177,,None,{"Irrigation: Private","Stream Storage: Non-Power"}
C041897,,None,{"Stream Storage: Non-Power"}
C052984,,None,{"Stream Storage: Non-Power"}
C034697,,None,{"Stream Storage: Non-Power"}
C112672,,None,{"Stream Storage: Non-Power",Domestic}
C051485,,None,{"Stream Storage: Non-Power"}
C058754,,None,{"Stream Storage: Non-Power"}
C107445,,None,{"Stream Storage: Non-Power","Irrigation: Private"}
C015909,,None,{"Stream Storage: Non-Power"}
C054451,,None,{"Stream Storage: Non-Power"}
C043892,,None,{"Stream Storage: Non-Power"}
C125983,,None,{"Stream Storage: Non-Power"}
C072120,,None,{"Stream Storage: Non-Power","Irrigation: Private",Domestic}
C052900,,None,{"Stream Storage: Non-Power"}
C110346,,None,{"Stream Storage: Non-Power"}
C062125,,None,{"Stream Storage: Non-Power"}
C062870,,None,{"Stream Storage: Non-Power"}
C130600,,None,{"Irrigation: Private","Stream Storage: Non-Power"}
C058976,,None,{"Stream Storage: Non-Power"}
C129631,,None,{"Stream Storage: Non-Power"}
C119120,,None,{"Stream Storage: Non-Power","Irrigation: Private","Livestock & Animal: Stockwatering"}
C054719,,None,{"Stream Storage: Non-Power"}
C117983,,None,{"Irrigation: Private","Stream Storage: Non-Power"}
C119269,,None,{"Irrigation: Private","Stream Storage: Non-Power"}
C068063,,None,{"Stream Storage: Non-Power",Domestic}
C129830,,None,{"Stream Storage: Non-Power","Livestock & Animal: Stockwatering","Irrigation: Private"}
C015237,,None,{"Stream Storage: Non-Power"}
C025851,,None,{"Stream Storage: Non-Power"}
C129961,,None,{"Stream Storage: Non-Power","Irrigation: Private"}
C131041,,None,{"Processing & Mfg: Processing","Stream Storage: Non-Power"}
C103514,,None,{Domestic,"Stream Storage: Non-Power"}
C024772,,None,{"Stream Storage: Non-Power"}
C072628,,None,{"Irrigation: Private","Stream Storage: Non-Power"}
C066124,,None,{"Irrigation: Private","Stream Storage: Non-Power"}
C131326,,None,{"Stream Storage: Non-Power"}
C029330,,None,{"Stream Storage: Non-Power"}
C067483,,None,{"Stream Storage: Non-Power"}
C035630,,None,{"Stream Storage: Non-Power"}
C056363,,None,{"Stream Storage: Non-Power"}
C024736,,None,{"Stream Storage: Non-Power"}
C064314,,None,{"Stream Storage: Non-Power"}
C124573,,None,{"Stream Storage: Non-Power","Irrigation: Private"}
C057528,,None,{"Stream Storage: Non-Power"}
C072287,,None,{Domestic,"Stream Storage: Non-Power"}
C018911,,None,{"Stream Storage: Non-Power"}
C009929,,None,{"Stream Storage: Non-Power"}
C036621,,None,{"Stream Storage: Non-Power"}
C058646,,None,{"Stream Storage: Non-Power"}
F006321,,None,{"Stream Storage: Non-Power"}
C048910,,None,{"Stream Storage: Non-Power"}
505023,,None,{"Irrigation: Private","Livestock & Animal","Stream Storage: Non-Power"}
C024788,,None,{"Stream Storage: Non-Power"}
C037904,,None,{"Stream Storage: Non-Power"}
C113346,,None,{"Stream Storage: Non-Power"}
C060766,,None,{"Stream Storage: Non-Power"}
C114970,,None,{"Stream Storage: Non-Power","Waterworks: Local Provider"}
C060192,,None,{"Stream Storage: Non-Power"}
503962,,None,{"Livestock & Animal","Stream Storage: Non-Power","Aquifer Storage: Non-Power"}
C130093,,None,{"Stream Storage: Non-Power","Waterworks: Local Provider"}
C035030,,None,{"Stream Storage: Non-Power"}
C107198,,None,{Domestic,"Stream Storage: Non-Power"}
F127568,,None,{"Stream Storage: Non-Power"}
C134370,,None,{"Irrigation: Private","Stream Storage: Non-Power"}
C122767,,None,{"Stream Storage: Non-Power"}
C107924,,None,{"Stream Storage: Non-Power","Irrigation: Local Provider"}
C116914,,None,{"Irrigation: Private","Stream Storage: Non-Power"}
F060215,,None,{"Stream Storage: Non-Power"}
C031636,,None,{"Stream Storage: Non-Power"}
F014668,,None,{"Stream Storage: Non-Power"}
C065799,,None,{"Pond & Aquaculture","Stream Storage: Non-Power"}
C120414,,None,{"Stream Storage: Non-Power","Comm. Enterprise: Enterprise"}
C128482,,None,{"Stream Storage: Non-Power","Irrigation: Private"}
C129189,,None,{"Stream Storage: Non-Power","Irrigation: Private"}
C107511,,None,{"Lwn, Fairway & Grdn: Watering","Stream Storage: Non-Power"}
C116857,,None,{"Stream Storage: Non-Power","Irrigation: Private"}
C116299,,None,{Domestic,"Stream Storage: Non-Power"}
C062975,,None,{"Stream Storage: Non-Power"}
C042917,,None,{"Stream Storage: Non-Power"}
C132887,,None,{"Stream Storage: Non-Power","Irrigation: Private"}
C130247,,None,{"Stream Storage: Non-Power",Domestic,"Irrigation: Private"}
C123811,,None,{"Stream Storage: Non-Power","Waterworks: Local Provider"}
C047521,,None,{"Stream Storage: Non-Power"}
C129873,,None,{"Stream Storage: Non-Power","Irrigation: Private"}
C134005,,None,{"Camps & Pub Facil","Vehicle & Eqpt","Well Drilling/Transport Management","Stream Storage: Non-Power"}
C130064,,None,{"Stream Storage: Non-Power"}
C063061,,None,{"Stream Storage: Non-Power"}
C024790,,None,{"Stream Storage: Non-Power"}
C124453,,None,{"Irrigation: Private","Stream Storage: Non-Power"}
C009122,,None,{"Stream Storage: Non-Power"}
C132562,,None,{"Stream Storage: Non-Power"}
F130608,,None,{"Stream Storage: Non-Power"}
F048694,,None,{"Stream Storage: Non-Power"}
F059272,,None,{"Stream Storage: Non-Power"}
C130010,,None,{"Stream Storage: Non-Power"}
C014456,,None,{"Stream Storage: Non-Power"}
C028772,,None,{"Stream Storage: Non-Power"}
C034716,,None,{"Stream Storage: Non-Power"}
C110150,,None,{"Irrigation: Private","Stream Storage: Non-Power"}
C043908,,None,{"Stream Storage: Non-Power"}
C105767,,None,{"Stream Storage: Non-Power","Lwn, Fairway & Grdn: Res L/G"}
C113734,,None,{"Stream Storage: Non-Power","Lwn, Fairway & Grdn: Watering"}
C107958,,None,{"Stream Storage: Non-Power","Irrigation: Private"}
C072113,,None,{"Waterworks: Local Provider","Stream Storage: Non-Power"}
F122560,,None,{"Stream Storage: Non-Power"}
C117114,,None,{"Stream Storage: Non-Power"}
F044731,,None,{"Stream Storage: Non-Power"}
C115593,,None,{"Stream Storage: Non-Power"}
C101052,,None,{"Stream Storage: Non-Power","Irrigation: Private"}
C041123,,None,{"Stream Storage: Non-Power"}
C060497,,None,{"Stream Storage: Non-Power"}
C052526,,None,{"Stream Storage: Non-Power"}
C133058,,None,{"Stream Storage: Non-Power",Domestic}
C063097,,None,{"Stream Storage: Non-Power","Waterworks (other than LP)"}
C116462,,None,{"Irrigation: Private","Livestock & Animal: Stockwatering","Stream Storage: Non-Power"}
501259,,None,{"Stream Storage: Non-Power","Irrigation: Private"}
C133595,,None,{"Stream Storage: Non-Power"}
501137,,None,{"Stream Storage: Non-Power","Irrigation: Private"}
C072067,,None,{"Stream Storage: Non-Power","Irrigation: Private"}
C118983,,None,{"Stream Storage: Non-Power"}
C111259,,None,{"Stream Storage: Non-Power"}
C115719,,None,{"Stream Storage: Non-Power","Livestock & Animal: Stockwatering","Irrigation: Private"}
C133880,,None,{Domestic,"Stream Storage: Non-Power","Livestock & Animal"}
C051477,,None,{"Stream Storage: Non-Power"}
C062520,,None,{"Stream Storage: Non-Power","Waterworks: Local Provider"}
C105760,,None,{"Stream Storage: Non-Power","Irrigation: Private"}
F061113,,None,{"Stream Storage: Non-Power"}
C105820,,None,{"Irrigation: Private","Stream Storage: Non-Power"}
C111922,,None,{"Irrigation: Private","Stream Storage: Non-Power"}
C065835,,None,{"Stream Storage: Non-Power","Irrigation: Private"}
C040685,,None,{"Stream Storage: Non-Power"}
C059655,,None,{"Stream Storage: Non-Power"}
C117516,,None,{Domestic,"Stream Storage: Non-Power"}
C103845,,None,{"Conservation: Use of Water","Stream Storage: Non-Power"}
C119548,,None,{"Stream Storage: Non-Power"}
F044835,,None,{"Stream Storage: Non-Power"}
F052042,,None,{"Stream Storage: Non-Power"}
C127988,,None,{"Stream Storage: Non-Power"}
C044965,,None,{"Stream Storage: Non-Power"}
C110007,,None,{"Stream Storage: Non-Power","Irrigation: Private"}
C032906,,None,{"Stream Storage: Non-Power"}
C065840,,None,{"Livestock & Animal: Stockwatering","Stream Storage: Non-Power"}
F020393,,None,{"Stream Storage: Non-Power"}
C130030,,None,{"Stream Storage: Non-Power"}
C118188,,None,{"Land Improvement: General","Lwn, Fairway & Grdn: Watering","Stream Storage: Non-Power"}
F051267,,None,{"Stream Storage: Non-Power"}
C133910,,None,{"Irrigation: Private",Domestic,"Stream Storage: Non-Power"}
C024720,,None,{"Stream Storage: Non-Power"}
C067066,,None,{"Stream Storage: Non-Power","Irrigation: Private"}
C032125,,None,{"Stream Storage: Non-Power"}
506179,,None,{"Irrigation: Private","Stream Storage: Non-Power"}
C020469,,None,{"Stream Storage: Non-Power"}
C101070,,None,{"Stream Storage: Non-Power"}
C051302,,None,{"Stream Storage: Non-Power"}
C056311,,None,{"Stream Storage: Non-Power"}
F127359,,None,{"Stream Storage: Non-Power"}
C109095,,None,{Domestic,"Stream Storage: Non-Power"}
C046593,,None,{"Stream Storage: Non-Power"}
C043900,,None,{"Stream Storage: Non-Power"}
F009672,,None,{"Stream Storage: Non-Power"}
C024718,,None,{"Stream Storage: Non-Power"}
C119235,,None,{"Irrigation: Private","Stream Storage: Non-Power"}
C111202,,None,{"Stream Storage: Non-Power"}
C042526,,None,{"Stream Storage: Non-Power"}
F051139,,None,{"Stream Storage: Non-Power"}
C004150,,None,{"Stream Storage: Non-Power"}
F021540,,None,{"Stream Storage: Non-Power"}
C125200,,None,{"Stream Storage: Non-Power","Irrigation: Private"}
C112854,,None,{"Stream Storage: Non-Power",Domestic}
C116730,,None,{"Stream Storage: Non-Power","Livestock & Animal: Stockwatering"}
F117856,,None,{"Stream Storage: Non-Power","Irrigation: Private"}
C116863,,None,{"Irrigation: Private","Stream Storage: Non-Power"}
C064157,,None,{"Stream Storage: Non-Power"}
C133795,,None,{"Stream Storage: Non-Power","Irrigation: Private"}
C122431,,None,{"Irrigation: Private","Stream Storage: Non-Power"}
F007216,,None,{"Stream Storage: Non-Power"}
C115167,,None,{"Stream Storage: Non-Power"}
F010641,,None,{"Stream Storage: Non-Power"}
F020969,,None,{"Stream Storage: Non-Power"}
C126111,,None,{"Stream Storage: Non-Power"}
C125158,,None,{"Stream Storage: Non-Power"}
C117167,,None,{"Stream Storage: Non-Power"}
507341,,None,{Domestic,"Stream Storage: Non-Power"}
C061861,,None,{"Stream Storage: Non-Power"}
C106297,,None,{"Stream Storage: Non-Power","Irrigation: Private"}
C123254,,None,{"Livestock & Animal: Stockwatering","Stream Storage: Non-Power"}
F019270,,None,{"Stream Storage: Non-Power"}
C037831,,None,{"Stream Storage: Non-Power"}
C018239,,None,{"Stream Storage: Non-Power"}
C062164,,None,{"Stream Storage: Non-Power"}
C032448,,None,{"Stream Storage: Non-Power"}
C134167,,None,{"Stream Storage: Non-Power"}
C038504,,None,{"Stream Storage: Non-Power"}
C115561,,None,{"Stream Storage: Non-Power",Domestic}
C057499,,None,{"Stream Storage: Non-Power"}
C047640,,None,{"Stream Storage: Non-Power"}
C125825,,None,{Domestic,"Stream Storage: Non-Power"}
C033296,,None,{"Stream Storage: Non-Power"}
C118238,,None,{"Stream Storage: Non-Power"}
C060408,,None,{"Stream Storage: Non-Power"}
C035012,,None,{"Stream Storage: Non-Power"}
C127667,,None,{"Stream Storage: Non-Power"}
F010155,,None,{"Stream Storage: Non-Power"}
C060395,,None,{"Stream Storage: Non-Power"}
C111877,,None,{"Stream Storage: Non-Power","Irrigation: Private"}
C125240,,None,{"Stream Storage: Non-Power","Processing & Mfg: Processing"}
C021693,,None,{"Stream Storage: Non-Power"}
C130538,,None,{"Stream Storage: Non-Power"}
C062977,,None,{"Stream Storage: Non-Power"}
C024796,,None,{"Stream Storage: Non-Power"}
C071030,,None,{"Stream Storage: Non-Power"}
C067258,,None,{"Irrigation: Private","Stream Storage: Non-Power","Livestock & Animal: Stockwatering"}
C049246,,None,{"Stream Storage: Non-Power"}
C031694,,None,{"Stream Storage: Non-Power"}
C119300,,None,{"Stream Storage: Non-Power","Irrigation: Private","Livestock & Animal: Stockwatering"}
C053135,,None,{"Stream Storage: Non-Power"}
C119539,,None,{"Irrigation: Private","Greenhouse & Nursery: Greenhouse","Stream Storage: Non-Power"}
C118928,,None,{"Stream Storage: Non-Power","Irrigation: Private"}
F010157,,None,{"Stream Storage: Non-Power"}
F062800,,None,{"Stream Storage: Non-Power"}
F067964,,None,{"Stream Storage: Non-Power"}
C126311,,None,{"Irrigation: Private","Stream Storage: Non-Power"}
F044294,,None,{"Stream Storage: Non-Power"}
C062801,,None,{"Stream Storage: Non-Power"}
C111484,,None,{"Stream Storage: Non-Power"}
501404,,None,{"Irrigation: Private","Stream Storage: Non-Power"}
F004735,,None,{"Stream Storage: Non-Power"}
F045457,,None,{"Stream Storage: Non-Power"}
C107454,,None,{"Stream Storage: Non-Power","Irrigation: Private"}
C125167,,None,{"Waterworks: Local Provider","Stream Storage: Non-Power"}
C110317,,None,{"Stream Storage: Non-Power"}
C124352,,None,{"Stream Storage: Non-Power"}
C124742,,None,{"Stream Storage: Non-Power"}
C102835,,None,{"Irrigation: Private","Stream Storage: Non-Power"}
C131858,,None,{"Stream Storage: Non-Power","Lwn, Fairway & Grdn: Watering"}
C130015,,None,{"Stream Storage: Non-Power","Irrigation: Private"}
C042887,,None,{"Stream Storage: Non-Power"}
504777,,None,{"Stream Storage: Non-Power","Waterworks: Local Provider"}
C029574,,None,{"Stream Storage: Non-Power"}
500671,,None,{"Stream Storage: Non-Power","Irrigation: Private"}
C051437,,None,{"Stream Storage: Non-Power"}
C113659,,None,{"Stream Storage: Non-Power"}
C132284,,None,{"Stream Storage: Non-Power","Lwn, Fairway & Grdn: Res L/G"}
C022273,,None,{"Stream Storage: Non-Power"}
C106287,,None,{"Stream Storage: Non-Power"}
C104094,,None,{"Stream Storage: Non-Power"}
C061473,,None,{"Stream Storage: Non-Power"}
F021236,,None,{"Stream Storage: Non-Power"}
C043894,,None,{"Stream Storage: Non-Power"}
C039840,,None,{"Stream Storage: Non-Power"}
C070465,,None,{"Stream Storage: Non-Power"}
C105656,,None,{"Stream Storage: Non-Power",Domestic}
C031845,,None,{"Stream Storage: Non-Power"}
C102915,,None,{"Stream Storage: Non-Power","Livestock & Animal: Stockwatering","Irrigation: Private"}
501183,,None,{"Stream Storage: Non-Power","Irrigation: Private"}
F124580,,None,{"Stream Storage: Non-Power"}
506680,,None,{"Stream Storage: Non-Power","Mining: Processing Ore"}
C048904,,None,{"Stream Storage: Non-Power"}
C057949,,None,{"Stream Storage: Non-Power"}
C048742,,None,{"Stream Storage: Non-Power"}
504601,,None,{"Irrigation: Private","Stream Storage: Non-Power"}
C065739,,None,{"Stream Storage: Non-Power"}
501397,,None,{"Stream Storage: Non-Power"}
C124923,,None,{"Stream Storage: Non-Power","Processing & Mfg: Processing"}
C062298,,None,{"Stream Storage: Non-Power"}
C045738,,None,{"Stream Storage: Non-Power"}
C043906,,None,{"Stream Storage: Non-Power"}
502012,,None,{"Irrigation: Private","Stream Storage: Non-Power"}
C110780,,None,{"Stream Storage: Non-Power"}
C110504,,None,{"Stream Storage: Non-Power","Irrigation: Private"}
C071031,,None,{"Stream Storage: Non-Power"}
C047061,,None,{Domestic,"Stream Storage: Non-Power"}
C036480,,None,{"Stream Storage: Non-Power"}
C109334,,None,{"Stream Storage: Non-Power",Domestic}
C050215,,None,{"Stream Storage: Non-Power"}
C130553,,None,{"Stream Storage: Non-Power"}
C131329,,None,{"Irrigation: Private","Stream Storage: Non-Power"}
C044642,,None,{"Stream Storage: Non-Power"}
C119263,,None,{"Irrigation: Private","Stream Storage: Non-Power"}
C062825,,None,{"Stream Storage: Non-Power"}
C041929,,None,{"Stream Storage: Non-Power"}
C062467,,None,{"Stream Storage: Non-Power"}
C072622,,None,{"Pond & Aquaculture","Stream Storage: Non-Power"}
F003728,,None,{"Stream Storage: Non-Power"}
C119904,,None,{"Irrigation: Private","Stream Storage: Non-Power"}
F065641,,None,{"Stream Storage: Non-Power"}
C106117,,None,{"Stream Storage: Non-Power"}
C042153,,None,{"Stream Storage: Non-Power"}
C130066,,None,{"Irrigation: Private","Stream Storage: Non-Power"}
C043904,,None,{"Stream Storage: Non-Power"}
C121259,,None,{"Stream Storage: Non-Power"}
C066114,,None,{"Stream Storage: Non-Power","Irrigation: Private"}
C112480,,None,{"Stream Storage: Non-Power",Domestic}
134478,,None,{"Irrigation: Private","Stream Storage: Non-Power"}
C055702,,None,{"Stream Storage: Non-Power"}
C114677,,None,{"Stream Storage: Non-Power","Irrigation: Private",Domestic}
C062981,,None,{"Stream Storage: Non-Power"}
F007308,,None,{"Stream Storage: Non-Power"}
C054972,,None,{"Stream Storage: Non-Power"}
F015078,,None,{"Stream Storage: Non-Power"}
C029847,,None,{"Stream Storage: Non-Power"}
C042883,,None,{"Stream Storage: Non-Power"}
C113928,,None,{"Stream Storage: Non-Power","Irrigation: Private"}
C106027,,None,{"Stream Storage: Non-Power"}
C056804,,None,{"Stream Storage: Non-Power"}
C110459,,None,{"Stream Storage: Non-Power"}
504814,,None,{"Greenhouse & Nursery","Livestock & Animal","Stream Storage: Non-Power","Irrigation: Private"}
C059565,,None,{"Stream Storage: Non-Power"}
505689,,None,{"Stream Storage: Non-Power","Crops: Flood Harvesting","Irrigation: Private","Crops: Frost Protection"}
F018984,,None,{"Stream Storage: Non-Power"}
C061141,,None,{"Stream Storage: Non-Power"}
C050665,,None,{"Stream Storage: Non-Power"}
F008939,,None,{"Stream Storage: Non-Power"}
F011749,,None,{"Stream Storage: Non-Power"}
F129652,,None,{"Stream Storage: Non-Power"}
C044686,,None,{"Stream Storage: Non-Power"}
C038893,,None,{"Stream Storage: Non-Power"}
F006904,,None,{"Stream Storage: Non-Power"}
C033452,,None,{"Stream Storage: Non-Power"}
C062094,,None,{"Stream Storage: Non-Power"}
C123695,,None,{"Stream Storage: Non-Power"}
C065888,,None,{"Stream Storage: Non-Power"}
C014627,,None,{"Stream Storage: Non-Power"}
C103909,,None,{"Lwn, Fairway & Grdn: Watering","Stream Storage: Non-Power"}
C062066,,None,{"Stream Storage: Non-Power"}
C065481,,None,{"Stream Storage: Non-Power"}
503574,,None,{"Stream Storage: Non-Power","Heat Exchanger, Residential"}
C002194,,None,{"Stream Storage: Non-Power"}
C072049,,None,{"Stream Storage: Non-Power",Domestic}
C119983,,None,{"Lwn, Fairway & Grdn: Watering","Stream Storage: Non-Power"}
C132559,,None,{"Stream Storage: Non-Power"}
C112812,,None,{"Stream Storage: Non-Power"}
F010672,,None,{"Stream Storage: Non-Power"}
C066314,,None,{"Irrigation: Private","Stream Storage: Non-Power"}
C111027,,None,{"Stream Storage: Non-Power",Domestic}
C110684,,None,{"Irrigation: Private","Stream Storage: Non-Power"}
C114011,,None,{"Stream Storage: Non-Power"}
C134043,,None,{"Stream Storage: Non-Power",Domestic,"Irrigation: Private"}
C109304,,None,{"Irrigation: Private","Greenhouse & Nursery: Greenhouse","Stream Storage: Non-Power"}
C072602,,None,{"Waterworks: Local Provider","Stream Storage: Non-Power"}
F015083,,None,{"Stream Storage: Non-Power"}
C104738,,None,{"Irrigation: Private","Stream Storage: Non-Power"}
C113960,,None,{"Stream Storage: Non-Power"}
C109913,,None,{"Irrigation: Private","Stream Storage: Non-Power"}
502106,,None,{"Irrigation: Private","Stream Storage: Non-Power"}
C115842,,None,{"Crops: Flood Harvesting","Crops: Frost Protection","Stream Storage: Non-Power"}
C043859,,None,{"Stream Storage: Non-Power"}
C117861,,None,{"Irrigation: Private","Stream Storage: Non-Power"}
C058386,,None,{"Stream Storage: Non-Power"}
C024746,,None,{"Stream Storage: Non-Power"}
C037908,,None,{"Stream Storage: Non-Power"}
C015959,,None,{"Stream Storage: Non-Power"}
C058862,,None,{"Stream Storage: Non-Power"}
F124578,,None,{"Stream Storage: Non-Power"}
C118579,,None,{"Livestock & Animal: Stockwatering","Irrigation: Private","Stream Storage: Non-Power"}
F008366,,None,{"Stream Storage: Non-Power"}
C130661,,None,{"Stream Storage: Non-Power"}
C132982,,None,{"Stream Storage: Non-Power"}
C045316,,None,{"Stream Storage: Non-Power"}
F125522,,None,{"Irrigation: Private","Stream Storage: Non-Power"}
C055346,,None,{"Stream Storage: Non-Power"}
C123589,,None,{"Stream Storage: Non-Power","Irrigation: Private"}
C110683,,None,{"Irrigation: Private","Stream Storage: Non-Power"}
C039276,,None,{"Stream Storage: Non-Power"}
F106560,,None,{"Stream Storage: Non-Power"}
C060495,,None,{"Stream Storage: Non-Power"}
F003497,,None,{"Stream Storage: Non-Power"}
C014419,,None,{"Stream Storage: Non-Power"}
C115890,,None,{"Stream Storage: Non-Power"}
C064255,,None,{"Stream Storage: Non-Power","Irrigation: Private"}
C111029,,None,{"Stream Storage: Non-Power"}
F126271,,None,{"Stream Storage: Non-Power"}
C043580,,None,{"Stream Storage: Non-Power"}
C060839,,None,{"Stream Storage: Non-Power"}
C042343,,None,{"Stream Storage: Non-Power"}
C102664,,None,{Domestic,"Stream Storage: Non-Power"}
F124217,,None,{"Stream Storage: Non-Power"}
502018,,None,{"Lwn, Fairway & Grdn","Stream Storage: Non-Power","Land Improvement: General"}
C133820,,None,{"Comm. Enterprise","Stream Storage: Non-Power"}
C064084,,None,{"Stream Storage: Non-Power","Pond & Aquaculture","Irrigation: Private"}
C002196,,None,{"Stream Storage: Non-Power"}
C054116,,None,{"Stream Storage: Non-Power"}
C036362,,None,{"Stream Storage: Non-Power"}
C068639,,None,{"Stream Storage: Non-Power"}
C069966,,None,{"Stream Storage: Non-Power"}
C130004,,None,{"Stream Storage: Non-Power","Irrigation: Private"}
C060887,,None,{"Stream Storage: Non-Power"}
C033085,,None,{"Stream Storage: Non-Power"}
F011745,,None,{"Stream Storage: Non-Power"}
C061396,,None,{"Stream Storage: Non-Power"}
C051776,,None,{"Stream Storage: Non-Power"}
F050547,,None,{"Stream Storage: Non-Power"}
C104325,,None,{"Waterworks: Local Provider","Stream Storage: Non-Power"}
F021122,,None,{"Stream Storage: Non-Power"}
501827,,None,{"Stream Storage: Non-Power","Irrigation: Private","Greenhouse & Nursery","Livestock & Animal: Stockwatering","Comm. Enterprise: Enterprise"}
C115193,,None,{"Irrigation: Private","Stream Storage: Non-Power",Domestic}
C113744,,None,{"Stream Storage: Non-Power"}
C123444,,None,{"Stream Storage: Non-Power","Irrigation: Private"}
C134298,,None,{"Fish Hatchery","Stream Storage: Non-Power"}
C064440,,None,{"Stream Storage: Non-Power"}
C132615,,None,{"Stream Storage: Non-Power"}
C060933,,None,{"Stream Storage: Non-Power"}
C027511,,None,{"Stream Storage: Non-Power"}
C127893,,None,{"Stream Storage: Non-Power"}
C117760,,None,{"Irrigation: Private","Stream Storage: Non-Power"}
C049288,,None,{"Stream Storage: Non-Power"}
F019451,,None,{"Stream Storage: Non-Power"}
C103457,,None,{"Stream Storage: Non-Power",Domestic}
C004152,,None,{"Stream Storage: Non-Power"}
C036108,,None,{"Stream Storage: Non-Power"}
C131327,,None,{"Stream Storage: Non-Power"}
C050407,,None,{"Stream Storage: Non-Power"}
F006273,,None,{"Stream Storage: Non-Power"}
F038584,,None,{"Stream Storage: Non-Power"}
C131601,,None,{"Stream Storage: Non-Power","Misc Ind'l: Fire Protection"}
C054900,,None,{"Irrigation: Private","Stream Storage: Non-Power"}
C058422,,None,{"Stream Storage: Non-Power"}
C026597,,None,{"Stream Storage: Non-Power"}
C115544,,None,{"Stream Storage: Non-Power","Irrigation: Private"}
C113381,,None,{"Stream Storage: Non-Power","Pulp Mill"}
C046714,,None,{"Stream Storage: Non-Power"}
C132470,,None,{"Irrigation: Private","Stream Storage: Non-Power"}
C047011,,None,{"Stream Storage: Non-Power"}
C017583,,None,{"Stream Storage: Non-Power"}
C030170,,None,{"Stream Storage: Non-Power"}
F009580,,None,{"Stream Storage: Non-Power"}
C029860,,None,{"Stream Storage: Non-Power"}
C066596,,None,{"Stream Storage: Non-Power"}
C134383,,None,{"Stream Storage: Non-Power"}
F011759,,None,{"Stream Storage: Non-Power"}
C132112,,None,{"Stream Storage: Non-Power"}
F062080,,None,{"Stream Storage: Non-Power"}
C064155,,None,{"Irrigation: Private","Stream Storage: Non-Power"}
C023493,,None,{"Stream Storage: Non-Power"}
C067223,,None,{"Stream Storage: Non-Power","Irrigation: Private"}
C112941,,None,{"Stream Storage: Non-Power"}
C016090,,None,{"Stream Storage: Non-Power"}
C065779,,None,{"Stream Storage: Non-Power","Irrigation: Private"}
C132353,,None,{"Stream Storage: Non-Power","Lwn, Fairway & Grdn: Res L/G"}
C130548,,None,{"Stream Storage: Non-Power","Irrigation: Private"}
C061373,,None,{"Stream Storage: Non-Power"}
502011,,None,{"Irrigation: Private","Stream Storage: Non-Power"}
C123447,,None,{"Irrigation: Private","Stream Storage: Non-Power"}
C065069,,None,{"Stream Storage: Non-Power","Comm. Enterprise: Enterprise"}
C045746,,None,{"Stream Storage: Non-Power"}
C129469,,None,{"Stream Storage: Non-Power"}
C016414,,None,{"Stream Storage: Non-Power"}
C111656,,None,{"Stream Storage: Non-Power","Irrigation: Private"}
C132841,,None,{"Stream Storage: Non-Power","Waterworks (other than LP)"}
C055116,,None,{"Stream Storage: Non-Power"}
C023261,,None,{"Stream Storage: Non-Power"}
C110700,,None,{"Irrigation: Private","Stream Storage: Non-Power"}
C064256,,None,{"Irrigation: Private","Stream Storage: Non-Power"}
F061112,,None,{"Stream Storage: Non-Power"}
C024750,,None,{"Stream Storage: Non-Power"}
C058924,,None,{"Stream Storage: Non-Power"}
C106956,,None,{"Stream Storage: Non-Power","Land Improvement: General"}
C129634,,None,{"Stream Storage: Non-Power"}
C115648,,None,{"Stream Storage: Non-Power","Irrigation: Private"}
C133498,,None,{Domestic,"Stream Storage: Non-Power"}
C059092,,None,{"Stream Storage: Non-Power"}
C129407,,None,{"Stream Storage: Non-Power"}
C118984,,None,{"Stream Storage: Non-Power"}
C103862,,None,{"Stream Storage: Non-Power","Irrigation: Private",Domestic}
C029828,,None,{"Stream Storage: Non-Power"}
C114923,,None,{"Stream Storage: Non-Power"}
F116456,,None,{"Livestock & Animal: Stockwatering","Stream Storage: Non-Power","Irrigation: Private"}
C036750,,None,{"Stream Storage: Non-Power"}
C020243,,None,{"Stream Storage: Non-Power"}
C043362,,None,{"Stream Storage: Non-Power"}
C067128,,None,{"Irrigation: Private","Stream Storage: Non-Power"}
C015181,,None,{"Stream Storage: Non-Power"}
F054588,,None,{"Stream Storage: Non-Power"}
C043573,,None,{"Stream Storage: Non-Power"}
F020385,,None,{"Irrigation: Private","Stream Storage: Non-Power"}
C121189,,None,{"Irrigation: Private","Stream Storage: Non-Power"}
F008692,,None,{"Stream Storage: Non-Power"}
C033255,,None,{"Stream Storage: Non-Power"}
C116485,,None,{"Irrigation: Private","Stream Storage: Non-Power"}
C102971,,None,{Domestic,"Stream Storage: Non-Power"}
C049219,,None,{"Stream Storage: Non-Power"}
C107534,,None,{"Irrigation: Private","Stream Storage: Non-Power"}
C043458,,None,{"Stream Storage: Non-Power"}
C029169,,None,{"Stream Storage: Non-Power"}
C054491,,None,{"Stream Storage: Non-Power"}
C133363,,None,{"Livestock & Animal","Stream Storage: Non-Power"}
C050836,,None,{"Stream Storage: Non-Power"}
C056405,,None,{"Stream Storage: Non-Power"}
C132687,,None,{"Stream Storage: Non-Power"}
C066635,,None,{"Pond & Aquaculture","Stream Storage: Non-Power"}
C059639,,None,{"Stream Storage: Non-Power"}
C132174,,None,{"Stream Storage: Non-Power","Mining: Placer","Camps & Pub Facil: Non-Work Camps"}
F006150,,None,{"Stream Storage: Non-Power"}
C043914,,None,{"Stream Storage: Non-Power"}
C101671,,None,{"Stream Storage: Non-Power",Domestic}
C040679,,None,{"Stream Storage: Non-Power"}
C065833,,None,{"Stream Storage: Non-Power","Irrigation: Private"}
C118086,,None,{"Stream Storage: Non-Power","Irrigation: Private"}
C125156,,None,{"Stream Storage: Non-Power"}
C113162,,None,{"Stream Storage: Non-Power","Waterworks: Local Provider"}
502387,,None,{"Stream Storage: Non-Power","Irrigation: Private"}
C132996,,None,{"Stream Storage: Non-Power","Waterworks (other than LP)"}
C003685,,None,{"Stream Storage: Non-Power"}
F130642,,None,{"Stream Storage: Non-Power"}
C057857,,None,{"Stream Storage: Non-Power"}
C046921,,None,{"Stream Storage: Non-Power"}
F005659,,None,{"Stream Storage: Non-Power"}
C109851,,None,{Domestic,"Stream Storage: Non-Power"}
C039774,,None,{"Stream Storage: Non-Power"}
F006472,,None,{"Stream Storage: Non-Power"}
C018813,,None,{"Stream Storage: Non-Power"}
C028639,,None,{"Stream Storage: Non-Power"}
C112029,,None,{"Stream Storage: Non-Power","Irrigation: Private"}
C056413,,None,{"Stream Storage: Non-Power"}
C033405,,None,{"Stream Storage: Non-Power"}
C113965,,None,{"Stream Storage: Non-Power"}
C034830,,None,{"Stream Storage: Non-Power"}
F009123,,None,{"Stream Storage: Non-Power"}
C033570,,None,{"Stream Storage: Non-Power"}
C102234,,None,{"Stream Storage: Non-Power","Irrigation: Private"}
C115182,,None,{"Irrigation: Private","Stream Storage: Non-Power"}
C056361,,None,{"Stream Storage: Non-Power"}
C100919,,None,{"Irrigation: Private","Stream Storage: Non-Power"}
C024067,,None,{"Stream Storage: Non-Power"}
F015064,,None,{"Stream Storage: Non-Power"}
C114274,,None,{"Stream Storage: Non-Power"}
C015963,,None,{"Stream Storage: Non-Power"}
C112802,,None,{"Stream Storage: Non-Power","Livestock & Animal: Stockwatering"}
C065599,,None,{"Livestock & Animal: Stockwatering","Stream Storage: Non-Power"}
C104123,,None,{"Stream Storage: Non-Power","Irrigation: Private"}
C126076,,None,{"Stream Storage: Non-Power"}
C125908,,None,{"Irrigation: Private","Stream Storage: Non-Power",Domestic}
C106850,,None,{"Greenhouse & Nursery: Nursery","Stream Storage: Non-Power","Conservation: Storage"}
C065228,,None,{"Stream Storage: Non-Power"}
F126270,,None,{"Stream Storage: Non-Power"}
C131335,,None,{"Stream Storage: Non-Power"}
C058483,,None,{"Stream Storage: Non-Power"}
501181,,None,{"Stream Storage: Non-Power","Irrigation: Private"}
C043922,,None,{"Stream Storage: Non-Power"}
C057398,,None,{"Stream Storage: Non-Power"}
C118986,,None,{"Stream Storage: Non-Power"}
C065790,,None,{"Irrigation: Private","Stream Storage: Non-Power"}
505114,,None,{"Irrigation: Private","Stream Storage: Non-Power"}
C132966,,None,{"Stream Storage: Non-Power","Ice & Snow Making: Snow"}
C041850,,None,{"Stream Storage: Non-Power"}
C056032,,None,{"Stream Storage: Non-Power"}
C048908,,None,{"Stream Storage: Non-Power"}
F127557,,None,{"Stream Storage: Non-Power"}
C024768,,None,{"Stream Storage: Non-Power"}
C129209,,None,{"Stream Storage: Non-Power","Irrigation: Private"}
C064085,,None,{"Irrigation: Private","Stream Storage: Non-Power"}
C061500,,None,{"Stream Storage: Non-Power"}
C118228,,None,{"Stream Storage: Non-Power"}
C124754,,None,{"Livestock & Animal: Stockwatering","Irrigation: Private","Stream Storage: Non-Power"}
C066208,,None,{"Stream Storage: Non-Power"}
C042827,,None,{"Stream Storage: Non-Power"}
C003758,,None,{"Stream Storage: Non-Power"}
C029340,,None,{"Stream Storage: Non-Power"}
C046483,,None,{"Stream Storage: Non-Power"}
C107779,,None,{"Stream Storage: Non-Power","Misc Ind'l: Fire Protection"}
C061307,,None,{"Stream Storage: Non-Power"}
C038182,,None,{"Stream Storage: Non-Power"}
C133224,,None,{"Stream Storage: Non-Power","Irrigation: Private","Livestock & Animal"}
C112016,,None,{"Stream Storage: Non-Power","Irrigation: Private"}
F016955,,None,{"Stream Storage: Non-Power"}
505556,,None,{"Comm. Enterprise: Enterprise","Stream Storage: Non-Power","Lwn, Fairway & Grdn: Watering"}
F008216,,None,{"Stream Storage: Non-Power"}
C052276,,None,{"Stream Storage: Non-Power"}
F132014,,None,{"Stream Storage: Non-Power"}
C110643,,None,{"Stream Storage: Non-Power","Irrigation: Private"}
C045898,,None,{"Stream Storage: Non-Power"}
C133097,,None,{"Camps & Pub Facil","Stream Storage: Non-Power"}
F020384,,None,{"Stream Storage: Non-Power"}
C042885,,None,{"Stream Storage: Non-Power"}
C104097,,None,{"Waterworks: Local Provider","Stream Storage: Non-Power"}
C070320,,None,{"Stream Storage: Non-Power","Irrigation: Private"}
C041795,,None,{"Stream Storage: Non-Power"}
500955,,None,{"Crop Harvest, Protect & Compost","Irrigation: Private","Stream Storage: Non-Power"}
C117860,,None,{"Irrigation: Private","Stream Storage: Non-Power"}
C125512,,None,{"Irrigation: Private","Stream Storage: Non-Power"}
C110316,,None,{"Irrigation: Private","Stream Storage: Non-Power"}
C035725,,None,{"Stream Storage: Non-Power"}
C111601,,None,{"Stream Storage: Non-Power","Irrigation: Private"}
F062798,,None,{"Stream Storage: Non-Power"}
C116107,,None,{"Stream Storage: Non-Power"}
C067149,,None,{"Stream Storage: Non-Power"}
C041404,,None,{"Stream Storage: Non-Power"}
C067099,,None,{"Stream Storage: Non-Power",Domestic}
C114280,,None,{"Stream Storage: Non-Power","Irrigation: Private"}
F067350,,None,{"Stream Storage: Non-Power"}
C024748,,None,{"Stream Storage: Non-Power"}
C029966,,None,{"Stream Storage: Non-Power"}
C061949,,None,{"Stream Storage: Non-Power"}
C110479,,None,{"Comm. Enterprise: Enterprise","Stream Storage: Non-Power"}
C029343,,None,{"Stream Storage: Non-Power"}
C050695,,None,{"Stream Storage: Non-Power"}
C117756,,None,{"Irrigation: Private","Stream Storage: Non-Power"}
C105691,,None,{"Stream Storage: Non-Power"}
C028274,,None,{"Stream Storage: Non-Power",Domestic}
C118649,,None,{"Irrigation: Private","Stream Storage: Non-Power"}
C065068,,None,{"Stream Storage: Non-Power","Comm. Enterprise: Enterprise"}
C059274,,None,{"Stream Storage: Non-Power"}
C117605,,None,{"Stream Storage: Non-Power","Lwn, Fairway & Grdn: Watering"}
C029265,,None,{"Stream Storage: Non-Power"}
501843,,None,{Domestic,"Lwn, Fairway & Grdn","Stream Storage: Non-Power"}
C101145,,None,{"Irrigation: Private","Stream Storage: Non-Power"}
C047977,,None,{"Stream Storage: Non-Power"}
C101233,,None,{"Stream Storage: Non-Power",Domestic}
C039550,,None,{"Stream Storage: Non-Power"}
C070468,,None,{"Livestock & Animal: Stockwatering","Irrigation: Private","Stream Storage: Non-Power"}
C064073,,None,{"Stream Storage: Non-Power"}
F128507,,None,{"Stream Storage: Non-Power"}
C109676,,None,{"Stream Storage: Non-Power","Waterworks: Local Provider"}
C129751,,None,{"Stream Storage: Non-Power","Irrigation: Private"}
F010101,,None,{"Stream Storage: Non-Power"}
C070509,,None,{"Stream Storage: Non-Power","Lwn, Fairway & Grdn: Watering"}
F061564,,None,{"Stream Storage: Non-Power"}
F011161,,None,{"Stream Storage: Non-Power"}
C064916,,None,{"Stream Storage: Non-Power"}
F006334,,None,{"Stream Storage: Non-Power"}
C101058,,None,{"Stream Storage: Non-Power","Irrigation: Private"}
501173,,None,{"Livestock & Animal","Stream Storage: Non-Power","Irrigation: Private"}
C105680,,None,{"Stream Storage: Non-Power",Domestic}
C126687,,None,{"Stream Storage: Non-Power","Irrigation: Private"}
C039972,,None,{"Stream Storage: Non-Power"}
C129079,,None,{"Stream Storage: Non-Power","Transport Mgmt: Dust Control"}
C059662,,None,{"Stream Storage: Non-Power"}
C129841,,None,{Domestic,"Stream Storage: Non-Power"}
C046821,,None,{"Stream Storage: Non-Power"}
C115679,,None,{"Irrigation: Private","Stream Storage: Non-Power"}
C111502,,None,{Domestic,"Stream Storage: Non-Power"}
C115877,,None,{"Stream Storage: Non-Power"}
C037318,,None,{"Stream Storage: Non-Power"}
C130850,,None,{"Lwn, Fairway & Grdn: Watering","Stream Storage: Non-Power"}
C024752,,None,{"Stream Storage: Non-Power"}
C118033,,None,{"Stream Storage: Non-Power"}
C114279,,None,{"Irrigation: Private","Stream Storage: Non-Power"}
C065769,,None,{Domestic,"Stream Storage: Non-Power"}
C126416,,None,{"Stream Storage: Non-Power","Irrigation: Private"}
C043896,,None,{"Stream Storage: Non-Power"}
C123897,,None,{"Stream Storage: Non-Power","Comm. Enterprise: Enterprise"}
C118099,,None,{"Stream Storage: Non-Power","Conservation: Use of Water","Processing & Mfg: Processing"}
F006409,,None,{"Stream Storage: Non-Power"}
C003838,,None,{"Stream Storage: Non-Power"}
C065777,,None,{"Stream Storage: Non-Power","Irrigation: Private"}
C131317,,None,{"Stream Storage: Non-Power"}
C057870,,None,{"Stream Storage: Non-Power"}
C105854,,None,{"Stream Storage: Non-Power"}
C056411,,None,{"Stream Storage: Non-Power"}
C047602,,None,{"Stream Storage: Non-Power"}
C041463,,None,{"Stream Storage: Non-Power"}
C130779,,None,{"Stream Storage: Non-Power"}
C021807,,None,{"Stream Storage: Non-Power"}
C059144,,None,{"Stream Storage: Non-Power"}
C055062,,None,{"Stream Storage: Non-Power"}
C117626,,None,{"Conservation: Storage","Waterworks: Local Provider","Stream Storage: Non-Power"}
C061422,,None,{"Stream Storage: Non-Power"}
C109814,,None,{"Irrigation: Private","Stream Storage: Non-Power"}
F021411,,None,{"Stream Storage: Non-Power"}
F007307,,None,{"Stream Storage: Non-Power"}
C033202,,None,{"Stream Storage: Non-Power"}
F122561,,None,{"Stream Storage: Non-Power"}
C130356,,None,{"Stream Storage: Non-Power","Irrigation: Private"}
C025175,,None,{"Stream Storage: Non-Power"}
F127492,,None,{"Stream Storage: Non-Power"}
C113053,,None,{"Stream Storage: Non-Power",Domestic}
C132510,,None,{"Stream Storage: Non-Power"}
C040383,,None,{"Stream Storage: Non-Power"}
C133042,,None,{"Stream Storage: Non-Power","Waterworks (other than LP)"}
F042953,,None,{"Stream Storage: Non-Power"}
C028272,,None,{"Stream Storage: Non-Power"}
C062169,,None,{"Stream Storage: Non-Power"}
C059905,,None,{"Stream Storage: Non-Power"}
C030678,,None,{"Stream Storage: Non-Power"}
C017772,,None,{"Stream Storage: Non-Power"}
C113285,,None,{"Irrigation: Private","Stream Storage: Non-Power"}
C124102,,None,{"Stream Storage: Non-Power"}
C017009,,None,{"Stream Storage: Non-Power"}
C010351,,None,{"Stream Storage: Non-Power"}
C056869,,None,{"Stream Storage: Non-Power"}
C031324,,None,{"Stream Storage: Non-Power"}
C131037,,None,{"Stream Storage: Non-Power","Irrigation: Private"}
C055458,,None,{"Stream Storage: Non-Power"}
C034399,,None,{"Stream Storage: Non-Power"}
C129324,,None,{"Stream Storage: Non-Power"}
F007607,,None,{"Stream Storage: Non-Power"}
C116209,,None,{"Stream Storage: Non-Power"}
C047062,,None,{Domestic,"Stream Storage: Non-Power"}
C064346,,None,{"Stream Storage: Non-Power"}
C061602,,None,{"Stream Storage: Non-Power"}
C057036,,None,{"Stream Storage: Non-Power"}
C104605,,None,{"Stream Storage: Non-Power"}
C105159,,None,{"Stream Storage: Non-Power"}
C123001,,None,{"Stream Storage: Non-Power","Irrigation: Private"}
C109747,,None,{"Stream Storage: Non-Power","Conservation: Storage"}
C060490,,None,{"Stream Storage: Non-Power"}
C101922,,None,{"Stream Storage: Non-Power"}
F012022,,None,{"Stream Storage: Non-Power"}
C061523,,None,{"Stream Storage: Non-Power"}
C030787,,None,{"Stream Storage: Non-Power"}
C063221,,None,{"Stream Storage: Non-Power"}
503524,,None,{"Livestock & Animal","Stream Storage: Non-Power","Aquifer Storage: Non-Power"}
C108758,,None,{"Stream Storage: Non-Power","Irrigation: Private"}
C109341,,None,{"Stream Storage: Non-Power","Irrigation: Private","Livestock & Animal: Stockwatering"}
C063917,,None,{"Stream Storage: Non-Power"}
C103114,,None,{"Stream Storage: Non-Power","Irrigation: Private"}
C112457,,None,{"Stream Storage: Non-Power"}
C055464,,None,{"Stream Storage: Non-Power"}
C049760,,None,{"Stream Storage: Non-Power"}
C052567,,None,{"Stream Storage: Non-Power"}
C035723,,None,{"Stream Storage: Non-Power"}
C133486,,None,{"Stream Storage: Non-Power",Domestic}
C100953,,None,{"Stream Storage: Non-Power","Irrigation: Private"}
C118921,,None,{"Irrigation: Private","Stream Storage: Non-Power"}
C063950,,None,{"Stream Storage: Non-Power"}
F016876,,None,{"Stream Storage: Non-Power"}
F009361,,None,{"Stream Storage: Non-Power"}
C030659,,None,{Domestic,"Stream Storage: Non-Power"}
C013996,,None,{"Stream Storage: Non-Power"}
C029900,,None,{"Stream Storage: Non-Power"}
C060809,,None,{"Stream Storage: Non-Power"}
C025339,,None,{"Stream Storage: Non-Power"}
C124738,,None,{"Stream Storage: Non-Power",Domestic,"Irrigation: Private"}
F112533,,None,{"Stream Storage: Non-Power"}
C134466,,None,{"Stream Storage: Non-Power"}
C107980,,None,{"Stream Storage: Non-Power","Land Improvement: General"}
C107167,,None,{"Irrigation: Private","Stream Storage: Non-Power"}
C045762,,None,{"Stream Storage: Non-Power"}
F061206,,None,{"Stream Storage: Non-Power"}
C133598,,None,{"Stream Storage: Non-Power"}
C113522,,None,{"Pond & Aquaculture","Irrigation: Private","Stream Storage: Non-Power"}
F061204,,None,{"Stream Storage: Non-Power"}
C115371,,None,{"Stream Storage: Non-Power",Domestic}
C015445,,None,{"Stream Storage: Non-Power"}
C102579,,None,{"Livestock & Animal: Stockwatering","Stream Storage: Non-Power"}
C125209,,None,{"Stream Storage: Non-Power","Irrigation: Private"}
C119750,,None,{"Stream Storage: Non-Power"}
C129756,,None,{"Stream Storage: Non-Power",Domestic}
C062090,,None,{"Stream Storage: Non-Power"}
C107711,,None,{"Stream Storage: Non-Power",Domestic}
C130909,,None,{"Lwn, Fairway & Grdn: Watering","Stream Storage: Non-Power"}
C055834,,None,{"Stream Storage: Non-Power"}
F016927,,None,{"Stream Storage: Non-Power"}
C046582,,None,{"Stream Storage: Non-Power"}
C055121,,None,{"Stream Storage: Non-Power"}
C108209,,None,{"Irrigation: Private","Stream Storage: Non-Power",Domestic}
F127778,,None,{"Stream Storage: Non-Power"}
C116913,,None,{"Irrigation: Private","Stream Storage: Non-Power"}
C132888,,None,{"Stream Storage: Non-Power","Irrigation: Private"}
C054388,,None,{"Stream Storage: Non-Power"}
C110687,,None,{Domestic,"Stream Storage: Non-Power"}
C017064,,None,{"Stream Storage: Non-Power"}
C110862,,None,{"Stream Storage: Non-Power"}
C068456,,None,{"Irrigation: Private","Stream Storage: Non-Power",Domestic}
C126047,,None,{"Irrigation: Private","Stream Storage: Non-Power",Domestic}
C068480,,None,{"Irrigation: Local Provider","Stream Storage: Non-Power"}
C110338,,None,{"Stream Storage: Non-Power"}
F044742,,None,{"Stream Storage: Non-Power"}
C064717,,None,{"Stream Storage: Non-Power"}
C038184,,None,{"Stream Storage: Non-Power"}
C031997,,None,{"Stream Storage: Non-Power"}
C067291,,None,{"Stream Storage: Non-Power"}
C134183,,None,{"Stream Storage: Non-Power","Lwn, Fairway & Grdn"}
C102958,,None,{"Stream Storage: Non-Power",Domestic}
C114728,,None,{"Stream Storage: Non-Power"}
C126816,,None,{"Livestock & Animal: Stockwatering","Stream Storage: Non-Power"}
C066522,,None,{"Stream Storage: Non-Power",Domestic,"Irrigation: Private"}
F021114,,None,{"Stream Storage: Non-Power"}
F130013,,None,{"Stream Storage: Non-Power"}
C043920,,None,{"Stream Storage: Non-Power"}
C110161,,None,{"Irrigation: Private","Stream Storage: Non-Power"}
C133816,,None,{"Irrigation: Private",Domestic,"Stream Storage: Non-Power"}
C130378,,None,{"Transport Mgmt: Dust Control","Misc Ind'l: Fire Protection","Stream Storage: Non-Power"}
C120005,,None,{"Stream Storage: Non-Power"}
F047914,,None,{"Stream Storage: Non-Power"}
C054487,,None,{"Stream Storage: Non-Power"}
C127933,,None,{"Stream Storage: Non-Power","Lwn, Fairway & Grdn: Watering"}
C061677,,None,{"Stream Storage: Non-Power"}
C133274,,None,{"Stream Storage: Non-Power"}
C048280,,None,{"Stream Storage: Non-Power"}
C108380,,None,{"Stream Storage: Non-Power"}
C063930,,None,{"Stream Storage: Non-Power"}
C056010,,None,{"Stream Storage: Non-Power"}
C062934,,None,{"Stream Storage: Non-Power","Irrigation: Private"}
C058765,,None,{"Stream Storage: Non-Power"}
C035674,,None,{"Stream Storage: Non-Power"}
C039229,,None,{"Stream Storage: Non-Power"}
F117863,,None,{"Stream Storage: Non-Power"}
C126346,,None,{"Stream Storage: Non-Power"}
C131429,,None,{"Stream Storage: Non-Power"}
C119949,,None,{"Stream Storage: Non-Power"}
C130969,,None,{"Livestock & Animal: Stockwatering","Stream Storage: Non-Power","Irrigation: Private"}
C064999,,None,{Domestic,"Stream Storage: Non-Power"}
C070704,,None,{"Irrigation: Private","Stream Storage: Non-Power","Livestock & Animal: Stockwatering"}
C123880,,None,{"Stream Storage: Non-Power","Lwn, Fairway & Grdn: Watering"}
C065826,,None,{"Crops: Frost Protection","Stream Storage: Non-Power"}
C020670,,None,{"Stream Storage: Non-Power"}
C044558,,None,{"Stream Storage: Non-Power"}
C118927,,None,{"Stream Storage: Non-Power","Irrigation: Private"}
C031631,,None,{"Stream Storage: Non-Power"}
C115848,,None,{"Stream Storage: Non-Power"}
C045318,,None,{"Stream Storage: Non-Power"}
C056359,,None,{"Stream Storage: Non-Power"}
C033458,,None,{"Stream Storage: Non-Power"}
C124154,,None,{"Stream Storage: Non-Power"}
C011623,,None,{"Stream Storage: Non-Power"}
C133935,,None,{"Stream Storage: Non-Power"}
501485,,None,{"Livestock & Animal","Stream Storage: Non-Power","Irrigation: Private"}
C059276,,None,{"Stream Storage: Non-Power"}
C072059,,None,{"Waterworks (other than LP)","Stream Storage: Non-Power"}
504963,,None,{"Stream Storage: Non-Power",Domestic,"Irrigation: Private"}
C058426,,None,{"Stream Storage: Non-Power"}
C125210,,None,{"Irrigation: Private","Stream Storage: Non-Power"}
C102567,,None,{"Livestock & Animal: Stockwatering","Stream Storage: Non-Power"}
C045962,,None,{"Stream Storage: Non-Power"}
F006361,,None,{"Stream Storage: Non-Power"}
C030182,,None,{"Stream Storage: Non-Power"}
C117495,,None,{"Stream Storage: Non-Power","Lwn, Fairway & Grdn: Watering"}
C122148,,None,{Domestic,"Stream Storage: Non-Power"}
C043912,,None,{"Stream Storage: Non-Power"}
C130549,,None,{"Stream Storage: Non-Power",Domestic}
C121668,,None,{"Stream Storage: Non-Power",Domestic}
C036376,,None,{"Stream Storage: Non-Power"}
C112675,,None,{Domestic,"Stream Storage: Non-Power"}
C064087,,None,{"Stream Storage: Non-Power"}
C067077,,None,{"Irrigation: Private","Stream Storage: Non-Power"}
C100873,,None,{"Irrigation: Private","Stream Storage: Non-Power"}
C126915,,None,{Domestic,"Stream Storage: Non-Power"}
C054935,,None,{"Stream Storage: Non-Power"}
C130150,,None,{"Stream Storage: Non-Power"}
C050403,,None,{"Stream Storage: Non-Power"}
C109827,,None,{"Stream Storage: Non-Power"}
C033575,,None,{"Stream Storage: Non-Power"}
C112144,,None,{"Irrigation: Private","Stream Storage: Non-Power"}
505195,,None,{Domestic,"Stream Storage: Non-Power"}
C058971,,None,{"Stream Storage: Non-Power"}
C064716,,None,{"Conservation: Use of Water","Stream Storage: Non-Power"}
F127425,,None,{"Stream Storage: Non-Power"}
C125776,,None,{"Stream Storage: Non-Power","Irrigation: Private"}
C065746,,None,{"Stream Storage: Non-Power","Irrigation: Private"}
C111022,,None,{"Stream Storage: Non-Power",Domestic}
C026166,,None,{"Stream Storage: Non-Power"}
C126204,,None,{"Irrigation: Private","Stream Storage: Non-Power"}
C116151,,None,{"Stream Storage: Non-Power","Waterworks: Local Provider"}
C123446,,None,{"Stream Storage: Non-Power","Irrigation: Private"}
C049103,,None,{"Stream Storage: Non-Power"}
C015446,,None,{"Stream Storage: Non-Power"}
C113480,,None,{"Irrigation: Private","Stream Storage: Non-Power"}
C106569,,None,{"Stream Storage: Non-Power","Waterworks: Local Provider"}
C111883,,None,{"Stream Storage: Non-Power"}
C065787,,None,{"Stream Storage: Non-Power",Domestic}
C103797,,None,{"Stream Storage: Non-Power","Irrigation: Private"}
C051397,,None,{"Stream Storage: Non-Power"}
500726,,None,{"Irrigation: Private","Stream Storage: Non-Power"}
C066440,,None,{"Irrigation: Private","Stream Storage: Non-Power","Livestock & Animal: Stockwatering"}
C107823,,None,{"Lwn, Fairway & Grdn: Res L/G","Stream Storage: Non-Power"}
C068145,,None,{"Stream Storage: Non-Power","Irrigation: Private"}
C072646,,None,{"Irrigation: Private","Stream Storage: Non-Power"}
C101075,,None,{"Irrigation: Private","Stream Storage: Non-Power"}
C047105,,None,{"Stream Storage: Non-Power"}
C035244,,None,{"Stream Storage: Non-Power"}
C034400,,None,{"Stream Storage: Non-Power"}
C108742,,None,{"Stream Storage: Non-Power","Irrigation: Private"}
C101050,,None,{"Waterworks: Local Provider","Stream Storage: Non-Power"}
C023001,,None,{"Stream Storage: Non-Power"}
C124730,,None,{"Stream Storage: Non-Power"}
C106975,,None,{"Stream Storage: Non-Power","Irrigation: Private"}
F009964,,None,{"Stream Storage: Non-Power"}
C041348,,None,{"Stream Storage: Non-Power"}
C132546,,None,{"Stream Storage: Non-Power"}
C128893,,None,{"Stream Storage: Non-Power","Irrigation: Private"}
C058375,,None,{"Stream Storage: Non-Power"}
C106008,,None,{"Stream Storage: Non-Power"}
F038834,,None,{"Stream Storage: Non-Power"}
C102734,,None,{"Stream Storage: Non-Power",Domestic}
F009217,,None,{"Stream Storage: Non-Power"}
F021086,,None,{"Stream Storage: Non-Power"}
C115718,,None,{"Livestock & Animal: Stockwatering","Stream Storage: Non-Power","Irrigation: Private"}
C057090,,None,{"Stream Storage: Non-Power"}
C117168,,None,{"Stream Storage: Non-Power"}
C062284,,None,{"Stream Storage: Non-Power"}
C062114,,None,{"Stream Storage: Non-Power"}
C068484,,None,{"Stream Storage: Non-Power","Irrigation: Private"}
C132333,,None,{"Lwn, Fairway & Grdn: Watering","Stream Storage: Non-Power"}
C035865,,None,{"Stream Storage: Non-Power"}
C117608,,None,{"Stream Storage: Non-Power","Irrigation: Private"}
C107880,,None,{"Stream Storage: Non-Power","Irrigation: Private","Land Improvement: General"}
C132678,,None,{"Stream Storage: Non-Power"}
C131567,,None,{"Stream Storage: Non-Power",Domestic}
C107624,,None,{"Stream Storage: Non-Power"}
C058424,,None,{"Stream Storage: Non-Power"}
C061311,,None,{"Stream Storage: Non-Power"}
C024782,,None,{"Stream Storage: Non-Power"}
C050779,,None,{"Stream Storage: Non-Power"}
C125528,,None,{"Stream Storage: Non-Power","Camps & Pub Facil: Non-Work Camps"}
C028273,,None,{Domestic,"Stream Storage: Non-Power"}
C054547,,None,{"Stream Storage: Non-Power"}
C130225,,None,{"Lwn, Fairway & Grdn: Watering","Stream Storage: Non-Power"}
C124794,,None,{"Irrigation: Private","Stream Storage: Non-Power"}
C055337,,None,{"Stream Storage: Non-Power"}
C125906,,None,{"Stream Storage: Non-Power","Irrigation: Private",Domestic}
C100918,,None,{Domestic,"Stream Storage: Non-Power"}
C131959,,None,{"Stream Storage: Non-Power","Irrigation: Private"}
C120146,,None,{"Irrigation: Private","Stream Storage: Non-Power"}
C048032,,None,{"Stream Storage: Non-Power"}
C110775,,None,{"Stream Storage: Non-Power",Domestic}
C054497,,None,{"Stream Storage: Non-Power"}
C029452,,None,{"Stream Storage: Non-Power"}
C112815,,None,{"Waterworks: Local Provider","Stream Storage: Non-Power"}
C102283,,None,{"Stream Storage: Non-Power"}
C056426,,None,{"Stream Storage: Non-Power"}
F044641,,None,{"Stream Storage: Non-Power"}
C122250,,None,{"Waterworks: Local Provider","Stream Storage: Non-Power"}
C127597,,None,{"Stream Storage: Non-Power","Irrigation: Private"}
C038147,,None,{"Stream Storage: Non-Power"}
C126667,,None,{"Irrigation: Private","Stream Storage: Non-Power"}
C109093,,None,{"Irrigation: Private","Stream Storage: Non-Power"}
C039209,,None,{"Stream Storage: Non-Power"}
C024754,,None,{"Stream Storage: Non-Power"}
C125352,,None,{"Stream Storage: Non-Power","Irrigation: Private"}
C114813,,None,{"Stream Storage: Non-Power","Irrigation: Private"}
C052943,,None,{"Stream Storage: Non-Power"}
C113967,,None,{"Stream Storage: Non-Power"}
C066194,,None,{"Stream Storage: Non-Power","Irrigation: Private"}
C060205,,None,{"Stream Storage: Non-Power"}
C024730,,None,{"Stream Storage: Non-Power"}
C123154,,None,{"Stream Storage: Non-Power"}
C041408,,None,{"Stream Storage: Non-Power"}
C024786,,None,{"Stream Storage: Non-Power"}
C041155,,None,{"Stream Storage: Non-Power"}
507060,,None,{"Stream Storage: Non-Power"}
F047922,,None,{"Stream Storage: Non-Power"}
C063019,,None,{"Stream Storage: Non-Power"}
C018513,,None,{"Stream Storage: Non-Power"}
C067484,,None,{"Stream Storage: Non-Power"}
C017991,,None,{"Stream Storage: Non-Power"}
F123677,,None,{"Stream Storage: Non-Power"}
F019747,,None,{"Stream Storage: Non-Power"}
C002062,,None,{"Stream Storage: Non-Power"}
C132759,,None,{"Stream Storage: Non-Power"}
C014085,,None,{"Stream Storage: Non-Power"}
F064258,,None,{"Stream Storage: Non-Power"}
C115070,,None,{"Stream Storage: Non-Power","Livestock & Animal: Stockwatering","Irrigation: Private"}
C110984,,None,{"Stream Storage: Non-Power","Ice & Snow Making: Snow"}
C119833,,None,{"Stream Storage: Non-Power"}
504564,,None,{"Stream Storage: Non-Power","Waterworks: Local Provider"}
C119947,,None,{"Stream Storage: Non-Power"}
F010408,,None,{"Stream Storage: Non-Power"}
C127511,,None,{"Stream Storage: Non-Power"}
506180,,None,{"Stream Storage: Non-Power","Waterworks: Local Provider"}
C124336,,None,{"Stream Storage: Non-Power"}
C110158,,None,{"Irrigation: Private","Stream Storage: Non-Power"}
C070318,,None,{"Irrigation: Private","Stream Storage: Non-Power"}
C048906,,None,{"Stream Storage: Non-Power"}
C024780,,None,{"Stream Storage: Non-Power"}
C126074,,None,{"Stream Storage: Non-Power"}
F015819,,None,{"Stream Storage: Non-Power"}
C035515,,None,{"Stream Storage: Non-Power"}
C118980,,None,{"Stream Storage: Non-Power"}
505948,,None,{"Stream Storage: Non-Power",Domestic,"Irrigation: Private"}
C125821,,None,{"Stream Storage: Non-Power","Irrigation: Private"}
C021424,,None,{"Stream Storage: Non-Power"}
C123936,,None,{"Land Improvement: General","Stream Storage: Non-Power","Lwn, Fairway & Grdn: Watering"}
C018422,,None,{"Stream Storage: Non-Power"}
C055950,,None,{"Stream Storage: Non-Power"}
C121071,,None,{"Irrigation: Private","Stream Storage: Non-Power"}
C016416,,None,{"Stream Storage: Non-Power"}
C020406,,None,{"Stream Storage: Non-Power"}
C012832,,None,{"Stream Storage: Non-Power"}
C100838,,None,{"Stream Storage: Non-Power"}
503430,,None,{"Stream Storage: Non-Power"}
C057843,,None,{"Stream Storage: Non-Power"}
503951,,None,{"Stream Storage: Non-Power","Irrigation: Private"}
C121641,,None,{"Stream Storage: Non-Power","Waterworks: Local Provider"}
C018660,,None,{"Stream Storage: Non-Power"}
C110125,,None,{"Stream Storage: Non-Power"}
C049728,,None,{"Stream Storage: Non-Power"}
F127471,,None,{"Stream Storage: Non-Power"}
C111361,,None,{"Irrigation: Private","Stream Storage: Non-Power"}
C061309,,None,{"Stream Storage: Non-Power"}
C041216,,None,{"Stream Storage: Non-Power"}
C065825,,None,{"Irrigation: Private","Stream Storage: Non-Power"}
C070373,,None,{"Irrigation: Private","Stream Storage: Non-Power"}
C030743,,None,{"Stream Storage: Non-Power"}
F003567,,None,{"Stream Storage: Non-Power"}
C052839,,None,{"Stream Storage: Non-Power"}
C050672,,None,{"Stream Storage: Non-Power"}
C132842,,None,{"Waterworks (other than LP)","Stream Storage: Non-Power"}
C064167,,None,{"Stream Storage: Non-Power"}
C126310,,None,{"Irrigation: Private","Stream Storage: Non-Power"}
C103121,,None,{"Stream Storage: Non-Power","Irrigation: Private"}
C110498,,None,{"Stream Storage: Non-Power","Irrigation: Private"}
C115850,,None,{"Stream Storage: Non-Power"}
501343,,None,{"Irrigation: Private","Stream Storage: Non-Power"}
C001816,,None,{"Stream Storage: Non-Power"}
C033456,,None,{"Stream Storage: Non-Power"}
C117763,,None,{"Stream Storage: Non-Power"}
F006246,,None,{"Stream Storage: Non-Power"}
C119940,,None,{"Stream Storage: Non-Power"}
C019539,,None,{"Stream Storage: Non-Power"}
C065059,,None,{"Irrigation: Private","Stream Storage: Non-Power",Domestic}
C060003,,None,{"Stream Storage: Non-Power"}
C023320,,None,{"Stream Storage: Non-Power"}
C126935,,None,{"Irrigation: Private","Stream Storage: Non-Power"}
C115883,,None,{"Stream Storage: Non-Power"}
C106421,,None,{"Stream Storage: Non-Power"}
